image,true_class,predicted_class,correct,confidence,image_path
photovoltaic-solar-panels-destroyed-by-260nw-2346845075_aug_6.jpg,Physcial_damage_generated,Physcial_damage_generated,True,0.9721,C:\Users\BALU\OneDrive\Desktop\solar_panel\dataset\PRoject\Physcial_damage_generated\photovoltaic-solar-panels-destroyed-by-260nw-2346845075_aug_6.jpg
detail-solar-panels-damaged-by-260nw-1799972737_aug_8.jpg,Physcial_damage_generated,Physcial_damage_generated,True,0.9936,C:\Users\BALU\OneDrive\Desktop\solar_panel\dataset\PRoject\Physcial_damage_generated\detail-solar-panels-damaged-by-260nw-1799972737_aug_8.jpg
Clean (182).jpg,Clean,Clean,True,0.9412,C:\Users\BALU\OneDrive\Desktop\solar_panel\dataset\PRoject\Clean\Clean (182).jpg
Snow (18)_aug_3.jpg,Snow_covered_generated,Snow_covered_generated,True,1.0,C:\Users\BALU\OneDrive\Desktop\solar_panel\dataset\PRoject\Snow_covered_generated\Snow (18)_aug_3.jpg
Bird (164)_aug_0.jpg,Bird_drop_generateds,Bird_drop_generateds,True,0.9746,C:\Users\BALU\OneDrive\Desktop\solar_panel\dataset\PRoject\Bird_drop_generateds\Bird (164)_aug_0.jpg
rooftop-installation-vertical-solar-panels-260nw-2464480507_aug_2.jpg,Snow_covered_generated,Snow_covered_generated,True,0.8494,C:\Users\BALU\OneDrive\Desktop\solar_panel\dataset\PRoject\Snow_covered_generated\rooftop-installation-vertical-solar-panels-260nw-2464480507_aug_2.jpg
Imgclean_373_0.jpg,Clean,Dusty,False,0.4864,C:\Users\BALU\OneDrive\Desktop\solar_panel\dataset\PRoject\Clean\Imgclean_373_0.jpg
Clean (100).jpg,Clean,Clean,True,0.8806,C:\Users\BALU\OneDrive\Desktop\solar_panel\dataset\PRoject\Clean\Clean (100).jpg
Electrical (6)_aug_4.jpg,Electrical_damage_generated,Electrical_damage_generated,True,0.9945,C:\Users\BALU\OneDrive\Desktop\solar_panel\dataset\PRoject\Electrical_damage_generated\Electrical (6)_aug_4.jpg
Electrical (4)_aug_2.jpg,Electrical_damage_generated,Clean,False,0.803,C:\Users\BALU\OneDrive\Desktop\solar_panel\dataset\PRoject\Electrical_damage_generated\Electrical (4)_aug_2.jpg
Electrical (99)_aug_0.jpg,Electrical_damage_generated,Electrical_damage_generated,True,0.7844,C:\Users\BALU\OneDrive\Desktop\solar_panel\dataset\PRoject\Electrical_damage_generated\Electrical (99)_aug_0.jpg
Imgclean_766_0.jpg,Clean,Clean,True,0.5877,C:\Users\BALU\OneDrive\Desktop\solar_panel\dataset\PRoject\Clean\Imgclean_766_0.jpg
Imgclean_1019_0.jpg,Clean,Dusty,False,0.5798,C:\Users\BALU\OneDrive\Desktop\solar_panel\dataset\PRoject\Clean\Imgclean_1019_0.jpg
Snow (66)_aug_4.jpg,Snow_covered_generated,Snow_covered_generated,True,0.9927,C:\Users\BALU\OneDrive\Desktop\solar_panel\dataset\PRoject\Snow_covered_generated\Snow (66)_aug_4.jpg
Imgclean_755_0.jpg,Clean,Clean,True,0.7904,C:\Users\BALU\OneDrive\Desktop\solar_panel\dataset\PRoject\Clean\Imgclean_755_0.jpg
Imgdirty_423_1.jpg,Dusty,Dusty,True,0.8426,C:\Users\BALU\OneDrive\Desktop\solar_panel\dataset\PRoject\Dusty\Imgdirty_423_1.jpg
Bird (141)_aug_0.jpg,Bird_drop_generateds,Bird_drop_generateds,True,0.5523,C:\Users\BALU\OneDrive\Desktop\solar_panel\dataset\PRoject\Bird_drop_generateds\Bird (141)_aug_0.jpg
detailed-closeup-image-solar-panels-260nw-2569638201_aug_0.jpg,Bird_drop_generateds,Bird_drop_generateds,True,0.9106,C:\Users\BALU\OneDrive\Desktop\solar_panel\dataset\PRoject\Bird_drop_generateds\detailed-closeup-image-solar-panels-260nw-2569638201_aug_0.jpg
broken-destroyed-cracked-hole-solar-260nw-2216617723_aug_1.jpg,Physcial_damage_generated,Physcial_damage_generated,True,0.9996,C:\Users\BALU\OneDrive\Desktop\solar_panel\dataset\PRoject\Physcial_damage_generated\broken-destroyed-cracked-hole-solar-260nw-2216617723_aug_1.jpg
Imgdirty_219_1.jpg,Dusty,Electrical_damage_generated,False,0.6651,C:\Users\BALU\OneDrive\Desktop\solar_panel\dataset\PRoject\Dusty\Imgdirty_219_1.jpg
Imgclean_287_0.jpg,Clean,Clean,True,0.7657,C:\Users\BALU\OneDrive\Desktop\solar_panel\dataset\PRoject\Clean\Imgclean_287_0.jpg
broken-destroyed-cracked-hole-solar-260nw-1381148351_aug_1.jpg,Physcial_damage_generated,Physcial_damage_generated,True,0.9998,C:\Users\BALU\OneDrive\Desktop\solar_panel\dataset\PRoject\Physcial_damage_generated\broken-destroyed-cracked-hole-solar-260nw-1381148351_aug_1.jpg
Snow (14)_aug_4.jpg,Snow_covered_generated,Snow_covered_generated,True,0.9999,C:\Users\BALU\OneDrive\Desktop\solar_panel\dataset\PRoject\Snow_covered_generated\Snow (14)_aug_4.jpg
Imgdirty_525_1.jpg,Dusty,Dusty,True,0.9525,C:\Users\BALU\OneDrive\Desktop\solar_panel\dataset\PRoject\Dusty\Imgdirty_525_1.jpg
Imgdirty_634_1.jpg,Dusty,Clean,False,0.4812,C:\Users\BALU\OneDrive\Desktop\solar_panel\dataset\PRoject\Dusty\Imgdirty_634_1.jpg
Imgdirty_950_1.jpg,Dusty,Dusty,True,0.9337,C:\Users\BALU\OneDrive\Desktop\solar_panel\dataset\PRoject\Dusty\Imgdirty_950_1.jpg
dirty-rooftop-solar-panels-covered-260nw-2503344043_aug_0.jpg,Bird_drop_generateds,Bird_drop_generateds,True,0.9851,C:\Users\BALU\OneDrive\Desktop\solar_panel\dataset\PRoject\Bird_drop_generateds\dirty-rooftop-solar-panels-covered-260nw-2503344043_aug_0.jpg
solar-panels-covered-snow-during-260nw-2415203921_aug_0.jpg,Snow_covered_generated,Snow_covered_generated,True,0.8997,C:\Users\BALU\OneDrive\Desktop\solar_panel\dataset\PRoject\Snow_covered_generated\solar-panels-covered-snow-during-260nw-2415203921_aug_0.jpg
Snow (86)_aug_2.jpg,Snow_covered_generated,Snow_covered_generated,True,0.999,C:\Users\BALU\OneDrive\Desktop\solar_panel\dataset\PRoject\Snow_covered_generated\Snow (86)_aug_2.jpg
Imgdirty_722_1.jpg,Dusty,Dusty,True,0.9553,C:\Users\BALU\OneDrive\Desktop\solar_panel\dataset\PRoject\Dusty\Imgdirty_722_1.jpg
snowcovered-solar-panels-on-rooftop-260nw-2586920733_aug_4.jpg,Snow_covered_generated,Snow_covered_generated,True,0.9999,C:\Users\BALU\OneDrive\Desktop\solar_panel\dataset\PRoject\Snow_covered_generated\snowcovered-solar-panels-on-rooftop-260nw-2586920733_aug_4.jpg
ground-structure-solar-panels-severely-260nw-2601925157_aug_2.jpg,Physcial_damage_generated,Physcial_damage_generated,True,0.8681,C:\Users\BALU\OneDrive\Desktop\solar_panel\dataset\PRoject\Physcial_damage_generated\ground-structure-solar-panels-severely-260nw-2601925157_aug_2.jpg
Physical (8)_aug_6.jpg,Physcial_damage_generated,Physcial_damage_generated,True,1.0,C:\Users\BALU\OneDrive\Desktop\solar_panel\dataset\PRoject\Physcial_damage_generated\Physical (8)_aug_6.jpg
Imgclean_950_0.jpg,Clean,Clean,True,0.9842,C:\Users\BALU\OneDrive\Desktop\solar_panel\dataset\PRoject\Clean\Imgclean_950_0.jpg
Imgclean_962_0.jpg,Clean,Clean,True,0.9602,C:\Users\BALU\OneDrive\Desktop\solar_panel\dataset\PRoject\Clean\Imgclean_962_0.jpg
Imgdirty_168_1.jpg,Dusty,Clean,False,0.9566,C:\Users\BALU\OneDrive\Desktop\solar_panel\dataset\PRoject\Dusty\Imgdirty_168_1.jpg
Physical (11)_aug_9.jpg,Physcial_damage_generated,Physcial_damage_generated,True,1.0,C:\Users\BALU\OneDrive\Desktop\solar_panel\dataset\PRoject\Physcial_damage_generated\Physical (11)_aug_9.jpg
Physical (5)_aug_3.jpg,Physcial_damage_generated,Physcial_damage_generated,True,0.9807,C:\Users\BALU\OneDrive\Desktop\solar_panel\dataset\PRoject\Physcial_damage_generated\Physical (5)_aug_3.jpg
Physical (20)_aug_9.jpg,Physcial_damage_generated,Bird_drop_generateds,False,0.7551,C:\Users\BALU\OneDrive\Desktop\solar_panel\dataset\PRoject\Physcial_damage_generated\Physical (20)_aug_9.jpg
Snow (67)_aug_2.jpg,Snow_covered_generated,Snow_covered_generated,True,0.999,C:\Users\BALU\OneDrive\Desktop\solar_panel\dataset\PRoject\Snow_covered_generated\Snow (67)_aug_2.jpg
solar-panels-on-roof-house-260nw-2155874655 (1)_aug_0.jpg,Bird_drop_generateds,Bird_drop_generateds,True,0.9804,C:\Users\BALU\OneDrive\Desktop\solar_panel\dataset\PRoject\Bird_drop_generateds\solar-panels-on-roof-house-260nw-2155874655 (1)_aug_0.jpg
Electrical (42)_aug_3.jpg,Electrical_damage_generated,Electrical_damage_generated,True,0.9498,C:\Users\BALU\OneDrive\Desktop\solar_panel\dataset\PRoject\Electrical_damage_generated\Electrical (42)_aug_3.jpg
Imgclean_642_0.jpg,Clean,Clean,True,0.974,C:\Users\BALU\OneDrive\Desktop\solar_panel\dataset\PRoject\Clean\Imgclean_642_0.jpg
Imgclean_3_0.jpg,Clean,Clean,True,0.9814,C:\Users\BALU\OneDrive\Desktop\solar_panel\dataset\PRoject\Clean\Imgclean_3_0.jpg
Electrical (2)_aug_3.jpg,Electrical_damage_generated,Electrical_damage_generated,True,0.9996,C:\Users\BALU\OneDrive\Desktop\solar_panel\dataset\PRoject\Electrical_damage_generated\Electrical (2)_aug_3.jpg
dirty-rooftop-solar-panels-covered-260nw-2504133307_aug_2.jpg,Bird_drop_generateds,Bird_drop_generateds,True,0.9733,C:\Users\BALU\OneDrive\Desktop\solar_panel\dataset\PRoject\Bird_drop_generateds\dirty-rooftop-solar-panels-covered-260nw-2504133307_aug_2.jpg
upper-surface-solar-rooftop-which-260nw-2326993251_aug_3.jpg,Bird_drop_generateds,Bird_drop_generateds,True,0.9361,C:\Users\BALU\OneDrive\Desktop\solar_panel\dataset\PRoject\Bird_drop_generateds\upper-surface-solar-rooftop-which-260nw-2326993251_aug_3.jpg
Electrical (29)_aug_0 - Copy.jpg,Electrical_damage_generated,Electrical_damage_generated,True,0.9992,C:\Users\BALU\OneDrive\Desktop\solar_panel\dataset\PRoject\Electrical_damage_generated\Electrical (29)_aug_0 - Copy.jpg
close-broken-solar-panel-texture-260nw-2327014975_aug_5.jpg,Physcial_damage_generated,Physcial_damage_generated,True,0.8306,C:\Users\BALU\OneDrive\Desktop\solar_panel\dataset\PRoject\Physcial_damage_generated\close-broken-solar-panel-texture-260nw-2327014975_aug_5.jpg
Imgdirty_208_1.jpg,Dusty,Dusty,True,0.8623,C:\Users\BALU\OneDrive\Desktop\solar_panel\dataset\PRoject\Dusty\Imgdirty_208_1.jpg
Bird (75)_aug_1.jpg,Bird_drop_generateds,Bird_drop_generateds,True,0.8927,C:\Users\BALU\OneDrive\Desktop\solar_panel\dataset\PRoject\Bird_drop_generateds\Bird (75)_aug_1.jpg
solar-panel-roof-under-snow-260nw-2418627543_aug_4.jpg,Snow_covered_generated,Snow_covered_generated,True,0.9987,C:\Users\BALU\OneDrive\Desktop\solar_panel\dataset\PRoject\Snow_covered_generated\solar-panel-roof-under-snow-260nw-2418627543_aug_4.jpg
Bird (72)_aug_3.jpg,Bird_drop_generateds,Bird_drop_generateds,True,0.6826,C:\Users\BALU\OneDrive\Desktop\solar_panel\dataset\PRoject\Bird_drop_generateds\Bird (72)_aug_3.jpg
Bird (99)_aug_3.jpg,Bird_drop_generateds,Bird_drop_generateds,True,0.9656,C:\Users\BALU\OneDrive\Desktop\solar_panel\dataset\PRoject\Bird_drop_generateds\Bird (99)_aug_3.jpg
Electrical (5)_aug_4 - Copy.jpg,Electrical_damage_generated,Electrical_damage_generated,True,0.9988,C:\Users\BALU\OneDrive\Desktop\solar_panel\dataset\PRoject\Electrical_damage_generated\Electrical (5)_aug_4 - Copy.jpg
Clean (170).jpg,Clean,Clean,True,0.9968,C:\Users\BALU\OneDrive\Desktop\solar_panel\dataset\PRoject\Clean\Clean (170).jpg
Electrical (99)_aug_1.jpg,Electrical_damage_generated,Electrical_damage_generated,True,0.9671,C:\Users\BALU\OneDrive\Desktop\solar_panel\dataset\PRoject\Electrical_damage_generated\Electrical (99)_aug_1.jpg
seagulls-rest-on-small-solar-260nw-2580646571 (1)_aug_4.jpg,Bird_drop_generateds,Bird_drop_generateds,True,0.9786,C:\Users\BALU\OneDrive\Desktop\solar_panel\dataset\PRoject\Bird_drop_generateds\seagulls-rest-on-small-solar-260nw-2580646571 (1)_aug_4.jpg
Imgclean_89_0.jpg,Clean,Clean,True,0.9734,C:\Users\BALU\OneDrive\Desktop\solar_panel\dataset\PRoject\Clean\Imgclean_89_0.jpg
Bird (27)_aug_2.jpg,Bird_drop_generateds,Bird_drop_generateds,True,0.9815,C:\Users\BALU\OneDrive\Desktop\solar_panel\dataset\PRoject\Bird_drop_generateds\Bird (27)_aug_2.jpg
Imgclean_1295_0.jpg,Clean,Clean,True,0.974,C:\Users\BALU\OneDrive\Desktop\solar_panel\dataset\PRoject\Clean\Imgclean_1295_0.jpg
Snow (40)_aug_4.jpg,Snow_covered_generated,Snow_covered_generated,True,0.9833,C:\Users\BALU\OneDrive\Desktop\solar_panel\dataset\PRoject\Snow_covered_generated\Snow (40)_aug_4.jpg
snowcovered-solar-panels-on-rooftop-260nw-2586920763_aug_3.jpg,Snow_covered_generated,Snow_covered_generated,True,0.9997,C:\Users\BALU\OneDrive\Desktop\solar_panel\dataset\PRoject\Snow_covered_generated\snowcovered-solar-panels-on-rooftop-260nw-2586920763_aug_3.jpg
Electrical (30)_aug_4 - Copy.jpg,Electrical_damage_generated,Electrical_damage_generated,True,0.927,C:\Users\BALU\OneDrive\Desktop\solar_panel\dataset\PRoject\Electrical_damage_generated\Electrical (30)_aug_4 - Copy.jpg
Electrical (99)_aug_2 - Copy.jpg,Electrical_damage_generated,Electrical_damage_generated,True,0.957,C:\Users\BALU\OneDrive\Desktop\solar_panel\dataset\PRoject\Electrical_damage_generated\Electrical (99)_aug_2 - Copy.jpg
Imgdirty_38_1.jpg,Dusty,Dusty,True,0.9114,C:\Users\BALU\OneDrive\Desktop\solar_panel\dataset\PRoject\Dusty\Imgdirty_38_1.jpg
Imgclean_1341_0.jpg,Clean,Clean,True,0.9918,C:\Users\BALU\OneDrive\Desktop\solar_panel\dataset\PRoject\Clean\Imgclean_1341_0.jpg
Snow (77)_aug_1.jpg,Snow_covered_generated,Snow_covered_generated,True,0.9722,C:\Users\BALU\OneDrive\Desktop\solar_panel\dataset\PRoject\Snow_covered_generated\Snow (77)_aug_1.jpg
Electrical (67)_aug_0.jpg,Electrical_damage_generated,Electrical_damage_generated,True,0.8255,C:\Users\BALU\OneDrive\Desktop\solar_panel\dataset\PRoject\Electrical_damage_generated\Electrical (67)_aug_0.jpg
photovoltaic-solar-panels-destroyed-by-260nw-2346845075_aug_3.jpg,Physcial_damage_generated,Physcial_damage_generated,True,0.9787,C:\Users\BALU\OneDrive\Desktop\solar_panel\dataset\PRoject\Physcial_damage_generated\photovoltaic-solar-panels-destroyed-by-260nw-2346845075_aug_3.jpg
Bird (186)_aug_4.jpg,Bird_drop_generateds,Bird_drop_generateds,True,0.7411,C:\Users\BALU\OneDrive\Desktop\solar_panel\dataset\PRoject\Bird_drop_generateds\Bird (186)_aug_4.jpg
Clean (133).jpg,Clean,Clean,True,0.9673,C:\Users\BALU\OneDrive\Desktop\solar_panel\dataset\PRoject\Clean\Clean (133).jpg
cracked-solar-modules-260nw-1158411670_aug_3.jpg,Physcial_damage_generated,Physcial_damage_generated,True,0.9991,C:\Users\BALU\OneDrive\Desktop\solar_panel\dataset\PRoject\Physcial_damage_generated\cracked-solar-modules-260nw-1158411670_aug_3.jpg
Bird (75)_aug_2.jpg,Bird_drop_generateds,Bird_drop_generateds,True,0.5694,C:\Users\BALU\OneDrive\Desktop\solar_panel\dataset\PRoject\Bird_drop_generateds\Bird (75)_aug_2.jpg
dirty-rooftop-solar-panels-covered-260nw-2497558633_aug_0.jpg,Bird_drop_generateds,Bird_drop_generateds,True,0.9872,C:\Users\BALU\OneDrive\Desktop\solar_panel\dataset\PRoject\Bird_drop_generateds\dirty-rooftop-solar-panels-covered-260nw-2497558633_aug_0.jpg
Electrical (61)_aug_0 - Copy.jpg,Electrical_damage_generated,Electrical_damage_generated,True,0.9992,C:\Users\BALU\OneDrive\Desktop\solar_panel\dataset\PRoject\Electrical_damage_generated\Electrical (61)_aug_0 - Copy.jpg
Clean (3).jpg,Clean,Clean,True,0.9909,C:\Users\BALU\OneDrive\Desktop\solar_panel\dataset\PRoject\Clean\Clean (3).jpg
Physical (18)_aug_5.jpg,Physcial_damage_generated,Physcial_damage_generated,True,0.9995,C:\Users\BALU\OneDrive\Desktop\solar_panel\dataset\PRoject\Physcial_damage_generated\Physical (18)_aug_5.jpg
upper-surface-solar-rooftop-which-260nw-2325680141_aug_4.jpg,Bird_drop_generateds,Bird_drop_generateds,True,0.9206,C:\Users\BALU\OneDrive\Desktop\solar_panel\dataset\PRoject\Bird_drop_generateds\upper-surface-solar-rooftop-which-260nw-2325680141_aug_4.jpg
Imgclean_542_0.jpg,Clean,Clean,True,0.9267,C:\Users\BALU\OneDrive\Desktop\solar_panel\dataset\PRoject\Clean\Imgclean_542_0.jpg
Imgclean_925_0.jpg,Clean,Dusty,False,0.682,C:\Users\BALU\OneDrive\Desktop\solar_panel\dataset\PRoject\Clean\Imgclean_925_0.jpg
Imgdirty_964_1.jpg,Dusty,Dusty,True,0.9466,C:\Users\BALU\OneDrive\Desktop\solar_panel\dataset\PRoject\Dusty\Imgdirty_964_1.jpg
snowcovered-solar-panels-on-rooftop-260nw-2586920749_aug_4.jpg,Snow_covered_generated,Snow_covered_generated,True,0.9734,C:\Users\BALU\OneDrive\Desktop\solar_panel\dataset\PRoject\Snow_covered_generated\snowcovered-solar-panels-on-rooftop-260nw-2586920749_aug_4.jpg
Physical (53)_aug_2.jpg,Physcial_damage_generated,Physcial_damage_generated,True,0.998,C:\Users\BALU\OneDrive\Desktop\solar_panel\dataset\PRoject\Physcial_damage_generated\Physical (53)_aug_2.jpg
Imgdirty_689_1.jpg,Dusty,Bird_drop_generateds,False,0.7631,C:\Users\BALU\OneDrive\Desktop\solar_panel\dataset\PRoject\Dusty\Imgdirty_689_1.jpg
Bird (12)_aug_2.jpg,Bird_drop_generateds,Bird_drop_generateds,True,0.9943,C:\Users\BALU\OneDrive\Desktop\solar_panel\dataset\PRoject\Bird_drop_generateds\Bird (12)_aug_2.jpg
broken-glass-solar-cell-damage-260nw-1572765697_aug_3.jpg,Physcial_damage_generated,Physcial_damage_generated,True,0.9989,C:\Users\BALU\OneDrive\Desktop\solar_panel\dataset\PRoject\Physcial_damage_generated\broken-glass-solar-cell-damage-260nw-1572765697_aug_3.jpg
Physical (58)_aug_0.jpg,Physcial_damage_generated,Physcial_damage_generated,True,0.7521,C:\Users\BALU\OneDrive\Desktop\solar_panel\dataset\PRoject\Physcial_damage_generated\Physical (58)_aug_0.jpg
Imgdirty_598_1.jpg,Dusty,Dusty,True,0.7366,C:\Users\BALU\OneDrive\Desktop\solar_panel\dataset\PRoject\Dusty\Imgdirty_598_1.jpg
Physical (37)_aug_1.jpg,Physcial_damage_generated,Physcial_damage_generated,True,0.8837,C:\Users\BALU\OneDrive\Desktop\solar_panel\dataset\PRoject\Physcial_damage_generated\Physical (37)_aug_1.jpg
Imgclean_61_0.jpg,Clean,Clean,True,0.9238,C:\Users\BALU\OneDrive\Desktop\solar_panel\dataset\PRoject\Clean\Imgclean_61_0.jpg
Bird (64)_aug_0.jpg,Bird_drop_generateds,Bird_drop_generateds,True,0.9925,C:\Users\BALU\OneDrive\Desktop\solar_panel\dataset\PRoject\Bird_drop_generateds\Bird (64)_aug_0.jpg
Imgclean_331_0.jpg,Clean,Dusty,False,0.9099,C:\Users\BALU\OneDrive\Desktop\solar_panel\dataset\PRoject\Clean\Imgclean_331_0.jpg
closeup-view-upper-surface-solar-260nw-2327413919_aug_4.jpg,Bird_drop_generateds,Bird_drop_generateds,True,0.9887,C:\Users\BALU\OneDrive\Desktop\solar_panel\dataset\PRoject\Bird_drop_generateds\closeup-view-upper-surface-solar-260nw-2327413919_aug_4.jpg
Imgclean_556_0.jpg,Clean,Clean,True,0.9532,C:\Users\BALU\OneDrive\Desktop\solar_panel\dataset\PRoject\Clean\Imgclean_556_0.jpg
Snow (82)_aug_0.jpg,Snow_covered_generated,Snow_covered_generated,True,0.9222,C:\Users\BALU\OneDrive\Desktop\solar_panel\dataset\PRoject\Snow_covered_generated\Snow (82)_aug_0.jpg
Imgclean_1262_0.jpg,Clean,Clean,True,0.9338,C:\Users\BALU\OneDrive\Desktop\solar_panel\dataset\PRoject\Clean\Imgclean_1262_0.jpg
Bird (106)_aug_1.jpg,Bird_drop_generateds,Bird_drop_generateds,True,0.9972,C:\Users\BALU\OneDrive\Desktop\solar_panel\dataset\PRoject\Bird_drop_generateds\Bird (106)_aug_1.jpg
Imgdirty_1049_1.jpg,Dusty,Dusty,True,0.9231,C:\Users\BALU\OneDrive\Desktop\solar_panel\dataset\PRoject\Dusty\Imgdirty_1049_1.jpg
broken-destroyed-solar-panel-260nw-1358171399_aug_6.jpg,Physcial_damage_generated,Physcial_damage_generated,True,0.9995,C:\Users\BALU\OneDrive\Desktop\solar_panel\dataset\PRoject\Physcial_damage_generated\broken-destroyed-solar-panel-260nw-1358171399_aug_6.jpg
Snow (25)_aug_1.jpg,Snow_covered_generated,Snow_covered_generated,True,0.9991,C:\Users\BALU\OneDrive\Desktop\solar_panel\dataset\PRoject\Snow_covered_generated\Snow (25)_aug_1.jpg
snowcovered-solar-panels-on-rooftop-260nw-2586920745_aug_3.jpg,Snow_covered_generated,Snow_covered_generated,True,0.6703,C:\Users\BALU\OneDrive\Desktop\solar_panel\dataset\PRoject\Snow_covered_generated\snowcovered-solar-panels-on-rooftop-260nw-2586920745_aug_3.jpg
Imgdirty_438_1.jpg,Dusty,Dusty,True,0.7833,C:\Users\BALU\OneDrive\Desktop\solar_panel\dataset\PRoject\Dusty\Imgdirty_438_1.jpg
Electrical (49)_aug_1 - Copy.jpg,Electrical_damage_generated,Electrical_damage_generated,True,0.9998,C:\Users\BALU\OneDrive\Desktop\solar_panel\dataset\PRoject\Electrical_damage_generated\Electrical (49)_aug_1 - Copy.jpg
Imgclean_310_0.jpg,Clean,Clean,True,0.8371,C:\Users\BALU\OneDrive\Desktop\solar_panel\dataset\PRoject\Clean\Imgclean_310_0.jpg
Snow (98)_aug_3.jpg,Snow_covered_generated,Snow_covered_generated,True,0.9898,C:\Users\BALU\OneDrive\Desktop\solar_panel\dataset\PRoject\Snow_covered_generated\Snow (98)_aug_3.jpg
Imgdirty_142_1.jpg,Dusty,Dusty,True,0.9404,C:\Users\BALU\OneDrive\Desktop\solar_panel\dataset\PRoject\Dusty\Imgdirty_142_1.jpg
Snow (96)_aug_3.jpg,Snow_covered_generated,Snow_covered_generated,True,0.9888,C:\Users\BALU\OneDrive\Desktop\solar_panel\dataset\PRoject\Snow_covered_generated\Snow (96)_aug_3.jpg
solar-panel-roof-house-winter-260nw-2407806745_aug_2.jpg,Snow_covered_generated,Snow_covered_generated,True,0.8993,C:\Users\BALU\OneDrive\Desktop\solar_panel\dataset\PRoject\Snow_covered_generated\solar-panel-roof-house-winter-260nw-2407806745_aug_2.jpg
Bird (47)_aug_2.jpg,Bird_drop_generateds,Bird_drop_generateds,True,0.9909,C:\Users\BALU\OneDrive\Desktop\solar_panel\dataset\PRoject\Bird_drop_generateds\Bird (47)_aug_2.jpg
Imgclean_895_0.jpg,Clean,Snow_covered_generated,False,0.9314,C:\Users\BALU\OneDrive\Desktop\solar_panel\dataset\PRoject\Clean\Imgclean_895_0.jpg
Electrical (33)_aug_4 - Copy.jpg,Electrical_damage_generated,Electrical_damage_generated,True,0.9964,C:\Users\BALU\OneDrive\Desktop\solar_panel\dataset\PRoject\Electrical_damage_generated\Electrical (33)_aug_4 - Copy.jpg
Imgclean_521_0.jpg,Clean,Clean,True,0.8767,C:\Users\BALU\OneDrive\Desktop\solar_panel\dataset\PRoject\Clean\Imgclean_521_0.jpg
upper-surface-solar-rooftop-which-260nw-2328461645_aug_2.jpg,Bird_drop_generateds,Bird_drop_generateds,True,0.9395,C:\Users\BALU\OneDrive\Desktop\solar_panel\dataset\PRoject\Bird_drop_generateds\upper-surface-solar-rooftop-which-260nw-2328461645_aug_2.jpg
seagulls-rest-on-small-solar-260nw-2580646571_aug_0.jpg,Bird_drop_generateds,Bird_drop_generateds,True,0.9935,C:\Users\BALU\OneDrive\Desktop\solar_panel\dataset\PRoject\Bird_drop_generateds\seagulls-rest-on-small-solar-260nw-2580646571_aug_0.jpg
Snow (101)_aug_0.jpg,Snow_covered_generated,Snow_covered_generated,True,0.9995,C:\Users\BALU\OneDrive\Desktop\solar_panel\dataset\PRoject\Snow_covered_generated\Snow (101)_aug_0.jpg
Physical (51)_aug_0.jpg,Physcial_damage_generated,Physcial_damage_generated,True,0.5663,C:\Users\BALU\OneDrive\Desktop\solar_panel\dataset\PRoject\Physcial_damage_generated\Physical (51)_aug_0.jpg
Electrical (41)_aug_2 - Copy.jpg,Electrical_damage_generated,Electrical_damage_generated,True,0.9999,C:\Users\BALU\OneDrive\Desktop\solar_panel\dataset\PRoject\Electrical_damage_generated\Electrical (41)_aug_2 - Copy.jpg
Imgclean_1211_0.jpg,Clean,Clean,True,0.987,C:\Users\BALU\OneDrive\Desktop\solar_panel\dataset\PRoject\Clean\Imgclean_1211_0.jpg
broken-destroyed-cracked-hole-solar-260nw-2216617723_aug_4.jpg,Physcial_damage_generated,Physcial_damage_generated,True,0.9966,C:\Users\BALU\OneDrive\Desktop\solar_panel\dataset\PRoject\Physcial_damage_generated\broken-destroyed-cracked-hole-solar-260nw-2216617723_aug_4.jpg
Bird (171)_aug_1.jpg,Bird_drop_generateds,Bird_drop_generateds,True,0.7843,C:\Users\BALU\OneDrive\Desktop\solar_panel\dataset\PRoject\Bird_drop_generateds\Bird (171)_aug_1.jpg
Bird (182)_aug_2.jpg,Bird_drop_generateds,Bird_drop_generateds,True,0.9438,C:\Users\BALU\OneDrive\Desktop\solar_panel\dataset\PRoject\Bird_drop_generateds\Bird (182)_aug_2.jpg
dirty-rooftop-solar-panels-covered-260nw-2505545323 (1)_aug_0.jpg,Bird_drop_generateds,Bird_drop_generateds,True,0.9957,C:\Users\BALU\OneDrive\Desktop\solar_panel\dataset\PRoject\Bird_drop_generateds\dirty-rooftop-solar-panels-covered-260nw-2505545323 (1)_aug_0.jpg
Imgclean_629_0.jpg,Clean,Clean,True,0.7994,C:\Users\BALU\OneDrive\Desktop\solar_panel\dataset\PRoject\Clean\Imgclean_629_0.jpg
Physical (43)_aug_5.jpg,Physcial_damage_generated,Physcial_damage_generated,True,0.9991,C:\Users\BALU\OneDrive\Desktop\solar_panel\dataset\PRoject\Physcial_damage_generated\Physical (43)_aug_5.jpg
Electrical (70)_aug_0 - Copy.jpg,Electrical_damage_generated,Electrical_damage_generated,True,0.9853,C:\Users\BALU\OneDrive\Desktop\solar_panel\dataset\PRoject\Electrical_damage_generated\Electrical (70)_aug_0 - Copy.jpg
Imgdirty_32_1.jpg,Dusty,Clean,False,0.9409,C:\Users\BALU\OneDrive\Desktop\solar_panel\dataset\PRoject\Dusty\Imgdirty_32_1.jpg
Bird (53)_aug_1.jpg,Bird_drop_generateds,Bird_drop_generateds,True,0.9953,C:\Users\BALU\OneDrive\Desktop\solar_panel\dataset\PRoject\Bird_drop_generateds\Bird (53)_aug_1.jpg
Imgdirty_308_1.jpg,Dusty,Dusty,True,0.9713,C:\Users\BALU\OneDrive\Desktop\solar_panel\dataset\PRoject\Dusty\Imgdirty_308_1.jpg
Imgclean_511_0.jpg,Clean,Clean,True,0.6438,C:\Users\BALU\OneDrive\Desktop\solar_panel\dataset\PRoject\Clean\Imgclean_511_0.jpg
Electrical (67)_aug_1.jpg,Electrical_damage_generated,Electrical_damage_generated,True,0.9457,C:\Users\BALU\OneDrive\Desktop\solar_panel\dataset\PRoject\Electrical_damage_generated\Electrical (67)_aug_1.jpg
Imgclean_891_0.jpg,Clean,Clean,True,0.9837,C:\Users\BALU\OneDrive\Desktop\solar_panel\dataset\PRoject\Clean\Imgclean_891_0.jpg
Electrical (11)_aug_2 - Copy.jpg,Electrical_damage_generated,Electrical_damage_generated,True,0.9991,C:\Users\BALU\OneDrive\Desktop\solar_panel\dataset\PRoject\Electrical_damage_generated\Electrical (11)_aug_2 - Copy.jpg
Clean (29).jpg,Clean,Clean,True,0.854,C:\Users\BALU\OneDrive\Desktop\solar_panel\dataset\PRoject\Clean\Clean (29).jpg
Imgdirty_376_1.jpg,Dusty,Bird_drop_generateds,False,0.7104,C:\Users\BALU\OneDrive\Desktop\solar_panel\dataset\PRoject\Dusty\Imgdirty_376_1.jpg
Bird (2)_aug_2.jpg,Bird_drop_generateds,Bird_drop_generateds,True,0.9662,C:\Users\BALU\OneDrive\Desktop\solar_panel\dataset\PRoject\Bird_drop_generateds\Bird (2)_aug_2.jpg
snowcovered-solar-panels-on-rooftop-260nw-2586920797_aug_1.jpg,Snow_covered_generated,Snow_covered_generated,True,0.999,C:\Users\BALU\OneDrive\Desktop\solar_panel\dataset\PRoject\Snow_covered_generated\snowcovered-solar-panels-on-rooftop-260nw-2586920797_aug_1.jpg
Imgclean_880_0.jpg,Clean,Clean,True,0.5517,C:\Users\BALU\OneDrive\Desktop\solar_panel\dataset\PRoject\Clean\Imgclean_880_0.jpg
Imgclean_937_0.jpg,Clean,Clean,True,0.9153,C:\Users\BALU\OneDrive\Desktop\solar_panel\dataset\PRoject\Clean\Imgclean_937_0.jpg
Imgdirty_477_1.jpg,Dusty,Dusty,True,0.9715,C:\Users\BALU\OneDrive\Desktop\solar_panel\dataset\PRoject\Dusty\Imgdirty_477_1.jpg
Imgclean_1111_0.jpg,Clean,Clean,True,0.9641,C:\Users\BALU\OneDrive\Desktop\solar_panel\dataset\PRoject\Clean\Imgclean_1111_0.jpg
Bird (165)_aug_1.jpg,Bird_drop_generateds,Bird_drop_generateds,True,0.9942,C:\Users\BALU\OneDrive\Desktop\solar_panel\dataset\PRoject\Bird_drop_generateds\Bird (165)_aug_1.jpg
Electrical (35)_aug_0.jpg,Electrical_damage_generated,Electrical_damage_generated,True,0.9997,C:\Users\BALU\OneDrive\Desktop\solar_panel\dataset\PRoject\Electrical_damage_generated\Electrical (35)_aug_0.jpg
Bird (32)_aug_3.jpg,Bird_drop_generateds,Bird_drop_generateds,True,0.9152,C:\Users\BALU\OneDrive\Desktop\solar_panel\dataset\PRoject\Bird_drop_generateds\Bird (32)_aug_3.jpg
Imgdirty_751_1.jpg,Dusty,Dusty,True,0.9294,C:\Users\BALU\OneDrive\Desktop\solar_panel\dataset\PRoject\Dusty\Imgdirty_751_1.jpg
photovoltaic-roof-on-house-which-260nw-1927425767 (1)_aug_0.jpg,Bird_drop_generateds,Bird_drop_generateds,True,0.9601,C:\Users\BALU\OneDrive\Desktop\solar_panel\dataset\PRoject\Bird_drop_generateds\photovoltaic-roof-on-house-which-260nw-1927425767 (1)_aug_0.jpg
aerial-severely-damaged-solar-power-260nw-2601200361 (1)_aug_7.jpg,Physcial_damage_generated,Physcial_damage_generated,True,0.8265,C:\Users\BALU\OneDrive\Desktop\solar_panel\dataset\PRoject\Physcial_damage_generated\aerial-severely-damaged-solar-power-260nw-2601200361 (1)_aug_7.jpg
Electrical (75)_aug_0 - Copy.jpg,Electrical_damage_generated,Electrical_damage_generated,True,0.9999,C:\Users\BALU\OneDrive\Desktop\solar_panel\dataset\PRoject\Electrical_damage_generated\Electrical (75)_aug_0 - Copy.jpg
Electrical (71)_aug_2 - Copy.jpg,Electrical_damage_generated,Electrical_damage_generated,True,0.9727,C:\Users\BALU\OneDrive\Desktop\solar_panel\dataset\PRoject\Electrical_damage_generated\Electrical (71)_aug_2 - Copy.jpg
Imgclean_282_0.jpg,Clean,Clean,True,0.9085,C:\Users\BALU\OneDrive\Desktop\solar_panel\dataset\PRoject\Clean\Imgclean_282_0.jpg
Imgclean_610_0.jpg,Clean,Dusty,False,0.6486,C:\Users\BALU\OneDrive\Desktop\solar_panel\dataset\PRoject\Clean\Imgclean_610_0.jpg
Bird (29)_aug_0.jpg,Bird_drop_generateds,Bird_drop_generateds,True,0.9993,C:\Users\BALU\OneDrive\Desktop\solar_panel\dataset\PRoject\Bird_drop_generateds\Bird (29)_aug_0.jpg
snowcovered-solar-panels-on-rooftop-260nw-2586920795_aug_1.jpg,Snow_covered_generated,Snow_covered_generated,True,0.9986,C:\Users\BALU\OneDrive\Desktop\solar_panel\dataset\PRoject\Snow_covered_generated\snowcovered-solar-panels-on-rooftop-260nw-2586920795_aug_1.jpg
Electrical (46)_aug_4 - Copy.jpg,Electrical_damage_generated,Electrical_damage_generated,True,0.9861,C:\Users\BALU\OneDrive\Desktop\solar_panel\dataset\PRoject\Electrical_damage_generated\Electrical (46)_aug_4 - Copy.jpg
Electrical (18)_aug_2.jpg,Electrical_damage_generated,Electrical_damage_generated,True,0.9998,C:\Users\BALU\OneDrive\Desktop\solar_panel\dataset\PRoject\Electrical_damage_generated\Electrical (18)_aug_2.jpg
Bird (114)_aug_1.jpg,Bird_drop_generateds,Bird_drop_generateds,True,0.8934,C:\Users\BALU\OneDrive\Desktop\solar_panel\dataset\PRoject\Bird_drop_generateds\Bird (114)_aug_1.jpg
Imgdirty_428_1.jpg,Dusty,Dusty,True,0.9498,C:\Users\BALU\OneDrive\Desktop\solar_panel\dataset\PRoject\Dusty\Imgdirty_428_1.jpg
dirty-rooftop-solar-panels-covered-260nw-2504133763_aug_1.jpg,Bird_drop_generateds,Bird_drop_generateds,True,0.9976,C:\Users\BALU\OneDrive\Desktop\solar_panel\dataset\PRoject\Bird_drop_generateds\dirty-rooftop-solar-panels-covered-260nw-2504133763_aug_1.jpg
15_aug_1.jpg,Bird_drop_generateds,Bird_drop_generateds,True,0.6685,C:\Users\BALU\OneDrive\Desktop\solar_panel\dataset\PRoject\Bird_drop_generateds\15_aug_1.jpg
Bird (51)_aug_1.jpg,Bird_drop_generateds,Bird_drop_generateds,True,0.5923,C:\Users\BALU\OneDrive\Desktop\solar_panel\dataset\PRoject\Bird_drop_generateds\Bird (51)_aug_1.jpg
Snow (120)_aug_1.jpg,Snow_covered_generated,Snow_covered_generated,True,0.9995,C:\Users\BALU\OneDrive\Desktop\solar_panel\dataset\PRoject\Snow_covered_generated\Snow (120)_aug_1.jpg
Imgdirty_766_1.jpg,Dusty,Dusty,True,0.5262,C:\Users\BALU\OneDrive\Desktop\solar_panel\dataset\PRoject\Dusty\Imgdirty_766_1.jpg
broken-destroyed-cracked-hole-solar-260nw-1381148351_aug_7.jpg,Physcial_damage_generated,Physcial_damage_generated,True,0.9999,C:\Users\BALU\OneDrive\Desktop\solar_panel\dataset\PRoject\Physcial_damage_generated\broken-destroyed-cracked-hole-solar-260nw-1381148351_aug_7.jpg
Snow (17)_aug_0.jpg,Snow_covered_generated,Snow_covered_generated,True,0.9922,C:\Users\BALU\OneDrive\Desktop\solar_panel\dataset\PRoject\Snow_covered_generated\Snow (17)_aug_0.jpg
Imgclean_55_0.jpg,Clean,Clean,True,0.9872,C:\Users\BALU\OneDrive\Desktop\solar_panel\dataset\PRoject\Clean\Imgclean_55_0.jpg
Imgclean_1482_0.jpg,Clean,Bird_drop_generateds,False,0.722,C:\Users\BALU\OneDrive\Desktop\solar_panel\dataset\PRoject\Clean\Imgclean_1482_0.jpg
Snow (1)_aug_1.jpg,Snow_covered_generated,Snow_covered_generated,True,0.9978,C:\Users\BALU\OneDrive\Desktop\solar_panel\dataset\PRoject\Snow_covered_generated\Snow (1)_aug_1.jpg
Imgclean_826_0.jpg,Clean,Clean,True,0.9841,C:\Users\BALU\OneDrive\Desktop\solar_panel\dataset\PRoject\Clean\Imgclean_826_0.jpg
Physical (54)_aug_0.jpg,Physcial_damage_generated,Physcial_damage_generated,True,0.4453,C:\Users\BALU\OneDrive\Desktop\solar_panel\dataset\PRoject\Physcial_damage_generated\Physical (54)_aug_0.jpg
Electrical (92)_aug_4 - Copy.jpg,Electrical_damage_generated,Electrical_damage_generated,True,1.0,C:\Users\BALU\OneDrive\Desktop\solar_panel\dataset\PRoject\Electrical_damage_generated\Electrical (92)_aug_4 - Copy.jpg
Bird (70)_aug_1.jpg,Bird_drop_generateds,Bird_drop_generateds,True,0.9936,C:\Users\BALU\OneDrive\Desktop\solar_panel\dataset\PRoject\Bird_drop_generateds\Bird (70)_aug_1.jpg
dirty-rooftop-solar-panels-covered-260nw-2504133283_aug_4.jpg,Bird_drop_generateds,Physcial_damage_generated,False,0.5423,C:\Users\BALU\OneDrive\Desktop\solar_panel\dataset\PRoject\Bird_drop_generateds\dirty-rooftop-solar-panels-covered-260nw-2504133283_aug_4.jpg
Snow (40)_aug_3.jpg,Snow_covered_generated,Snow_covered_generated,True,0.9993,C:\Users\BALU\OneDrive\Desktop\solar_panel\dataset\PRoject\Snow_covered_generated\Snow (40)_aug_3.jpg
Electrical (30)_aug_2 - Copy.jpg,Electrical_damage_generated,Electrical_damage_generated,True,0.9598,C:\Users\BALU\OneDrive\Desktop\solar_panel\dataset\PRoject\Electrical_damage_generated\Electrical (30)_aug_2 - Copy.jpg
Imgdirty_723_1.jpg,Dusty,Bird_drop_generateds,False,0.6992,C:\Users\BALU\OneDrive\Desktop\solar_panel\dataset\PRoject\Dusty\Imgdirty_723_1.jpg
Bird (25)_aug_3.jpg,Bird_drop_generateds,Bird_drop_generateds,True,0.9715,C:\Users\BALU\OneDrive\Desktop\solar_panel\dataset\PRoject\Bird_drop_generateds\Bird (25)_aug_3.jpg
Imgclean_927_0.jpg,Clean,Clean,True,0.8436,C:\Users\BALU\OneDrive\Desktop\solar_panel\dataset\PRoject\Clean\Imgclean_927_0.jpg
upward-view-modern-solar-panels-260nw-2574050455_aug_1.jpg,Snow_covered_generated,Snow_covered_generated,True,0.9496,C:\Users\BALU\OneDrive\Desktop\solar_panel\dataset\PRoject\Snow_covered_generated\upward-view-modern-solar-panels-260nw-2574050455_aug_1.jpg
Imgdirty_736_1.jpg,Dusty,Clean,False,0.8257,C:\Users\BALU\OneDrive\Desktop\solar_panel\dataset\PRoject\Dusty\Imgdirty_736_1.jpg
top-view-destroyed-by-hurricane-260nw-2443929751_aug_4.jpg,Physcial_damage_generated,Physcial_damage_generated,True,0.9112,C:\Users\BALU\OneDrive\Desktop\solar_panel\dataset\PRoject\Physcial_damage_generated\top-view-destroyed-by-hurricane-260nw-2443929751_aug_4.jpg
Imgclean_828_0.jpg,Clean,Clean,True,0.6898,C:\Users\BALU\OneDrive\Desktop\solar_panel\dataset\PRoject\Clean\Imgclean_828_0.jpg
Physical (63)_aug_0.jpg,Physcial_damage_generated,Physcial_damage_generated,True,1.0,C:\Users\BALU\OneDrive\Desktop\solar_panel\dataset\PRoject\Physcial_damage_generated\Physical (63)_aug_0.jpg
Imgclean_980_0.jpg,Clean,Clean,True,0.9467,C:\Users\BALU\OneDrive\Desktop\solar_panel\dataset\PRoject\Clean\Imgclean_980_0.jpg
Imgclean_807_0.jpg,Clean,Clean,True,0.9688,C:\Users\BALU\OneDrive\Desktop\solar_panel\dataset\PRoject\Clean\Imgclean_807_0.jpg
Imgclean_1150_0.jpg,Clean,Clean,True,0.9901,C:\Users\BALU\OneDrive\Desktop\solar_panel\dataset\PRoject\Clean\Imgclean_1150_0.jpg
Physical (56)_aug_9.jpg,Physcial_damage_generated,Physcial_damage_generated,True,0.9933,C:\Users\BALU\OneDrive\Desktop\solar_panel\dataset\PRoject\Physcial_damage_generated\Physical (56)_aug_9.jpg
Imgdirty_60_1.jpg,Dusty,Clean,False,0.8396,C:\Users\BALU\OneDrive\Desktop\solar_panel\dataset\PRoject\Dusty\Imgdirty_60_1.jpg
Physical (32)_aug_7.jpg,Physcial_damage_generated,Physcial_damage_generated,True,0.9997,C:\Users\BALU\OneDrive\Desktop\solar_panel\dataset\PRoject\Physcial_damage_generated\Physical (32)_aug_7.jpg
Electrical (85)_aug_0.jpg,Electrical_damage_generated,Electrical_damage_generated,True,0.9994,C:\Users\BALU\OneDrive\Desktop\solar_panel\dataset\PRoject\Electrical_damage_generated\Electrical (85)_aug_0.jpg
Bird (65)_aug_0.jpg,Bird_drop_generateds,Bird_drop_generateds,True,0.9297,C:\Users\BALU\OneDrive\Desktop\solar_panel\dataset\PRoject\Bird_drop_generateds\Bird (65)_aug_0.jpg
Dust (142).jpg,Dusty,Dusty,True,0.9746,C:\Users\BALU\OneDrive\Desktop\solar_panel\dataset\PRoject\Dusty\Dust (142).jpg
Imgclean_79_0.jpg,Clean,Clean,True,0.9215,C:\Users\BALU\OneDrive\Desktop\solar_panel\dataset\PRoject\Clean\Imgclean_79_0.jpg
broken-down-photovoltaic-solar-panels-260nw-2335015675_aug_2.jpg,Physcial_damage_generated,Physcial_damage_generated,True,0.9981,C:\Users\BALU\OneDrive\Desktop\solar_panel\dataset\PRoject\Physcial_damage_generated\broken-down-photovoltaic-solar-panels-260nw-2335015675_aug_2.jpg
Imgclean_929_0.jpg,Clean,Dusty,False,0.6786,C:\Users\BALU\OneDrive\Desktop\solar_panel\dataset\PRoject\Clean\Imgclean_929_0.jpg
Bird (58)_aug_4.jpg,Bird_drop_generateds,Bird_drop_generateds,True,0.9942,C:\Users\BALU\OneDrive\Desktop\solar_panel\dataset\PRoject\Bird_drop_generateds\Bird (58)_aug_4.jpg
Electrical (39)_aug_4.jpg,Electrical_damage_generated,Electrical_damage_generated,True,1.0,C:\Users\BALU\OneDrive\Desktop\solar_panel\dataset\PRoject\Electrical_damage_generated\Electrical (39)_aug_4.jpg
Physical (67)_aug_8.jpg,Physcial_damage_generated,Physcial_damage_generated,True,1.0,C:\Users\BALU\OneDrive\Desktop\solar_panel\dataset\PRoject\Physcial_damage_generated\Physical (67)_aug_8.jpg
upper-surface-solar-rooftop-which-260nw-2326993251_aug_0.jpg,Bird_drop_generateds,Bird_drop_generateds,True,0.9824,C:\Users\BALU\OneDrive\Desktop\solar_panel\dataset\PRoject\Bird_drop_generateds\upper-surface-solar-rooftop-which-260nw-2326993251_aug_0.jpg
Imgclean_250_0.jpg,Clean,Clean,True,0.9872,C:\Users\BALU\OneDrive\Desktop\solar_panel\dataset\PRoject\Clean\Imgclean_250_0.jpg
Physical (27)_aug_3.jpg,Physcial_damage_generated,Physcial_damage_generated,True,1.0,C:\Users\BALU\OneDrive\Desktop\solar_panel\dataset\PRoject\Physcial_damage_generated\Physical (27)_aug_3.jpg
dirty-rooftop-solar-panels-covered-260nw-2503472365_aug_4.jpg,Bird_drop_generateds,Bird_drop_generateds,True,0.9525,C:\Users\BALU\OneDrive\Desktop\solar_panel\dataset\PRoject\Bird_drop_generateds\dirty-rooftop-solar-panels-covered-260nw-2503472365_aug_4.jpg
Imgdirty_828_1.jpg,Dusty,Dusty,True,0.6722,C:\Users\BALU\OneDrive\Desktop\solar_panel\dataset\PRoject\Dusty\Imgdirty_828_1.jpg
Imgdirty_625_1.jpg,Dusty,Dusty,True,0.8787,C:\Users\BALU\OneDrive\Desktop\solar_panel\dataset\PRoject\Dusty\Imgdirty_625_1.jpg
Imgclean_977_0.jpg,Clean,Clean,True,0.9091,C:\Users\BALU\OneDrive\Desktop\solar_panel\dataset\PRoject\Clean\Imgclean_977_0.jpg
Bird (106)_aug_2.jpg,Bird_drop_generateds,Dusty,False,0.5921,C:\Users\BALU\OneDrive\Desktop\solar_panel\dataset\PRoject\Bird_drop_generateds\Bird (106)_aug_2.jpg
Dust (115).jpg,Dusty,Dusty,True,0.8024,C:\Users\BALU\OneDrive\Desktop\solar_panel\dataset\PRoject\Dusty\Dust (115).jpg
Physical (24)_aug_4.jpg,Physcial_damage_generated,Physcial_damage_generated,True,0.9844,C:\Users\BALU\OneDrive\Desktop\solar_panel\dataset\PRoject\Physcial_damage_generated\Physical (24)_aug_4.jpg
Physical (39)_aug_6.jpg,Physcial_damage_generated,Physcial_damage_generated,True,1.0,C:\Users\BALU\OneDrive\Desktop\solar_panel\dataset\PRoject\Physcial_damage_generated\Physical (39)_aug_6.jpg
Imgclean_488_0.jpg,Clean,Clean,True,0.896,C:\Users\BALU\OneDrive\Desktop\solar_panel\dataset\PRoject\Clean\Imgclean_488_0.jpg
Bird (96)_aug_2.jpg,Bird_drop_generateds,Bird_drop_generateds,True,0.993,C:\Users\BALU\OneDrive\Desktop\solar_panel\dataset\PRoject\Bird_drop_generateds\Bird (96)_aug_2.jpg
snowcovered-solar-panels-on-rooftop-260nw-2586920773_aug_0.jpg,Snow_covered_generated,Snow_covered_generated,True,0.8598,C:\Users\BALU\OneDrive\Desktop\solar_panel\dataset\PRoject\Snow_covered_generated\snowcovered-solar-panels-on-rooftop-260nw-2586920773_aug_0.jpg
Imgclean_329_0.jpg,Clean,Clean,True,0.7436,C:\Users\BALU\OneDrive\Desktop\solar_panel\dataset\PRoject\Clean\Imgclean_329_0.jpg
photovoltaic-roof-on-house-which-260nw-1927425767_aug_0.jpg,Bird_drop_generateds,Bird_drop_generateds,True,0.9827,C:\Users\BALU\OneDrive\Desktop\solar_panel\dataset\PRoject\Bird_drop_generateds\photovoltaic-roof-on-house-which-260nw-1927425767_aug_0.jpg
snowcovered-solar-panels-under-cloudy-260nw-2555772583_aug_4.jpg,Snow_covered_generated,Snow_covered_generated,True,0.9999,C:\Users\BALU\OneDrive\Desktop\solar_panel\dataset\PRoject\Snow_covered_generated\snowcovered-solar-panels-under-cloudy-260nw-2555772583_aug_4.jpg
Bird (191)_aug_0.jpg,Bird_drop_generateds,Electrical_damage_generated,False,0.6484,C:\Users\BALU\OneDrive\Desktop\solar_panel\dataset\PRoject\Bird_drop_generateds\Bird (191)_aug_0.jpg
Physical (14)_aug_3.jpg,Physcial_damage_generated,Physcial_damage_generated,True,0.9826,C:\Users\BALU\OneDrive\Desktop\solar_panel\dataset\PRoject\Physcial_damage_generated\Physical (14)_aug_3.jpg
Imgclean_1434_0.jpg,Clean,Dusty,False,0.8471,C:\Users\BALU\OneDrive\Desktop\solar_panel\dataset\PRoject\Clean\Imgclean_1434_0.jpg
Imgclean_1044_0.jpg,Clean,Clean,True,0.9852,C:\Users\BALU\OneDrive\Desktop\solar_panel\dataset\PRoject\Clean\Imgclean_1044_0.jpg
Imgclean_48_0.jpg,Clean,Clean,True,0.9194,C:\Users\BALU\OneDrive\Desktop\solar_panel\dataset\PRoject\Clean\Imgclean_48_0.jpg
Imgdirty_921_1.jpg,Dusty,Clean,False,0.6602,C:\Users\BALU\OneDrive\Desktop\solar_panel\dataset\PRoject\Dusty\Imgdirty_921_1.jpg
Bird (89)_aug_2.jpg,Bird_drop_generateds,Bird_drop_generateds,True,0.9084,C:\Users\BALU\OneDrive\Desktop\solar_panel\dataset\PRoject\Bird_drop_generateds\Bird (89)_aug_2.jpg
Physical (22)_aug_6.jpg,Physcial_damage_generated,Physcial_damage_generated,True,0.8165,C:\Users\BALU\OneDrive\Desktop\solar_panel\dataset\PRoject\Physcial_damage_generated\Physical (22)_aug_6.jpg
Imgclean_1448_0.jpg,Clean,Clean,True,0.8084,C:\Users\BALU\OneDrive\Desktop\solar_panel\dataset\PRoject\Clean\Imgclean_1448_0.jpg
dirt-stains-on-solar-panels-260nw-2517494611_aug_1.jpg,Bird_drop_generateds,Bird_drop_generateds,True,0.9789,C:\Users\BALU\OneDrive\Desktop\solar_panel\dataset\PRoject\Bird_drop_generateds\dirt-stains-on-solar-panels-260nw-2517494611_aug_1.jpg
Bird (186)_aug_0.jpg,Bird_drop_generateds,Bird_drop_generateds,True,0.8083,C:\Users\BALU\OneDrive\Desktop\solar_panel\dataset\PRoject\Bird_drop_generateds\Bird (186)_aug_0.jpg
Imgclean_813_0.jpg,Clean,Clean,True,0.9145,C:\Users\BALU\OneDrive\Desktop\solar_panel\dataset\PRoject\Clean\Imgclean_813_0.jpg
Clean (175).jpg,Clean,Clean,True,0.9485,C:\Users\BALU\OneDrive\Desktop\solar_panel\dataset\PRoject\Clean\Clean (175).jpg
12_aug_3.jpg,Bird_drop_generateds,Bird_drop_generateds,True,0.7763,C:\Users\BALU\OneDrive\Desktop\solar_panel\dataset\PRoject\Bird_drop_generateds\12_aug_3.jpg
Imgdirty_202_1.jpg,Dusty,Dusty,True,0.9645,C:\Users\BALU\OneDrive\Desktop\solar_panel\dataset\PRoject\Dusty\Imgdirty_202_1.jpg
Imgdirty_281_1.jpg,Dusty,Dusty,True,0.796,C:\Users\BALU\OneDrive\Desktop\solar_panel\dataset\PRoject\Dusty\Imgdirty_281_1.jpg
Dust (1).jpg,Dusty,Dusty,True,0.9994,C:\Users\BALU\OneDrive\Desktop\solar_panel\dataset\PRoject\Dusty\Dust (1).jpg
Bird (13)_aug_2.jpg,Bird_drop_generateds,Bird_drop_generateds,True,0.9931,C:\Users\BALU\OneDrive\Desktop\solar_panel\dataset\PRoject\Bird_drop_generateds\Bird (13)_aug_2.jpg
Imgclean_732_0.jpg,Clean,Dusty,False,0.639,C:\Users\BALU\OneDrive\Desktop\solar_panel\dataset\PRoject\Clean\Imgclean_732_0.jpg
broken-destroyed-cracked-hole-solar-260nw-2220440457_aug_7.jpg,Physcial_damage_generated,Physcial_damage_generated,True,0.9953,C:\Users\BALU\OneDrive\Desktop\solar_panel\dataset\PRoject\Physcial_damage_generated\broken-destroyed-cracked-hole-solar-260nw-2220440457_aug_7.jpg
Imgclean_1101_0.jpg,Clean,Clean,True,0.5528,C:\Users\BALU\OneDrive\Desktop\solar_panel\dataset\PRoject\Clean\Imgclean_1101_0.jpg
Electrical (97)_aug_1.jpg,Electrical_damage_generated,Electrical_damage_generated,True,0.6154,C:\Users\BALU\OneDrive\Desktop\solar_panel\dataset\PRoject\Electrical_damage_generated\Electrical (97)_aug_1.jpg
Electrical (44)_aug_0.jpg,Electrical_damage_generated,Electrical_damage_generated,True,0.9999,C:\Users\BALU\OneDrive\Desktop\solar_panel\dataset\PRoject\Electrical_damage_generated\Electrical (44)_aug_0.jpg
Imgclean_1278_0.jpg,Clean,Clean,True,0.9908,C:\Users\BALU\OneDrive\Desktop\solar_panel\dataset\PRoject\Clean\Imgclean_1278_0.jpg
broken-solar-panels-on-white-260nw-2493354607_aug_7.jpg,Physcial_damage_generated,Physcial_damage_generated,True,0.9318,C:\Users\BALU\OneDrive\Desktop\solar_panel\dataset\PRoject\Physcial_damage_generated\broken-solar-panels-on-white-260nw-2493354607_aug_7.jpg
Imgclean_49_0.jpg,Clean,Clean,True,0.8586,C:\Users\BALU\OneDrive\Desktop\solar_panel\dataset\PRoject\Clean\Imgclean_49_0.jpg
Snow (106)_aug_4.jpg,Snow_covered_generated,Snow_covered_generated,True,0.9909,C:\Users\BALU\OneDrive\Desktop\solar_panel\dataset\PRoject\Snow_covered_generated\Snow (106)_aug_4.jpg
Electrical (27)_aug_1.jpg,Electrical_damage_generated,Electrical_damage_generated,True,1.0,C:\Users\BALU\OneDrive\Desktop\solar_panel\dataset\PRoject\Electrical_damage_generated\Electrical (27)_aug_1.jpg
Dust (4).jpg,Dusty,Dusty,True,0.6216,C:\Users\BALU\OneDrive\Desktop\solar_panel\dataset\PRoject\Dusty\Dust (4).jpg
Electrical (87)_aug_2.jpg,Electrical_damage_generated,Electrical_damage_generated,True,0.9999,C:\Users\BALU\OneDrive\Desktop\solar_panel\dataset\PRoject\Electrical_damage_generated\Electrical (87)_aug_2.jpg
Imgclean_1235_0.jpg,Clean,Clean,True,0.9313,C:\Users\BALU\OneDrive\Desktop\solar_panel\dataset\PRoject\Clean\Imgclean_1235_0.jpg
Physical (31)_aug_0.jpg,Physcial_damage_generated,Physcial_damage_generated,True,0.9594,C:\Users\BALU\OneDrive\Desktop\solar_panel\dataset\PRoject\Physcial_damage_generated\Physical (31)_aug_0.jpg
Imgdirty_276_1.jpg,Dusty,Dusty,True,0.8688,C:\Users\BALU\OneDrive\Desktop\solar_panel\dataset\PRoject\Dusty\Imgdirty_276_1.jpg
Snow (87)_aug_0.jpg,Snow_covered_generated,Snow_covered_generated,True,0.9993,C:\Users\BALU\OneDrive\Desktop\solar_panel\dataset\PRoject\Snow_covered_generated\Snow (87)_aug_0.jpg
Imgclean_327_0.jpg,Clean,Clean,True,0.7678,C:\Users\BALU\OneDrive\Desktop\solar_panel\dataset\PRoject\Clean\Imgclean_327_0.jpg
Imgdirty_1029_1.jpg,Dusty,Dusty,True,0.9154,C:\Users\BALU\OneDrive\Desktop\solar_panel\dataset\PRoject\Dusty\Imgdirty_1029_1.jpg
Electrical (90)_aug_3 - Copy.jpg,Electrical_damage_generated,Electrical_damage_generated,True,0.9989,C:\Users\BALU\OneDrive\Desktop\solar_panel\dataset\PRoject\Electrical_damage_generated\Electrical (90)_aug_3 - Copy.jpg
Snow (15)_aug_3.jpg,Snow_covered_generated,Snow_covered_generated,True,0.9993,C:\Users\BALU\OneDrive\Desktop\solar_panel\dataset\PRoject\Snow_covered_generated\Snow (15)_aug_3.jpg
Imgdirty_558_1.jpg,Dusty,Dusty,True,0.6178,C:\Users\BALU\OneDrive\Desktop\solar_panel\dataset\PRoject\Dusty\Imgdirty_558_1.jpg
Electrical (4)_aug_2 - Copy.jpg,Electrical_damage_generated,Clean,False,0.803,C:\Users\BALU\OneDrive\Desktop\solar_panel\dataset\PRoject\Electrical_damage_generated\Electrical (4)_aug_2 - Copy.jpg
Electrical (27)_aug_2 - Copy.jpg,Electrical_damage_generated,Electrical_damage_generated,True,0.9993,C:\Users\BALU\OneDrive\Desktop\solar_panel\dataset\PRoject\Electrical_damage_generated\Electrical (27)_aug_2 - Copy.jpg
Electrical (68)_aug_4.jpg,Electrical_damage_generated,Electrical_damage_generated,True,0.9751,C:\Users\BALU\OneDrive\Desktop\solar_panel\dataset\PRoject\Electrical_damage_generated\Electrical (68)_aug_4.jpg
Imgclean_199_0.jpg,Clean,Clean,True,0.9883,C:\Users\BALU\OneDrive\Desktop\solar_panel\dataset\PRoject\Clean\Imgclean_199_0.jpg
Imgdirty_949_1.jpg,Dusty,Physcial_damage_generated,False,0.5168,C:\Users\BALU\OneDrive\Desktop\solar_panel\dataset\PRoject\Dusty\Imgdirty_949_1.jpg
Imgclean_1247_0.jpg,Clean,Clean,True,0.9426,C:\Users\BALU\OneDrive\Desktop\solar_panel\dataset\PRoject\Clean\Imgclean_1247_0.jpg
snowcovered-solar-panels-on-rooftop-260nw-2586920735_aug_1.jpg,Snow_covered_generated,Snow_covered_generated,True,1.0,C:\Users\BALU\OneDrive\Desktop\solar_panel\dataset\PRoject\Snow_covered_generated\snowcovered-solar-panels-on-rooftop-260nw-2586920735_aug_1.jpg
snowcovered-solar-panels-on-rooftop-260nw-2586920767_aug_2.jpg,Snow_covered_generated,Snow_covered_generated,True,0.9995,C:\Users\BALU\OneDrive\Desktop\solar_panel\dataset\PRoject\Snow_covered_generated\snowcovered-solar-panels-on-rooftop-260nw-2586920767_aug_2.jpg
Clean (173).jpg,Clean,Clean,True,0.7375,C:\Users\BALU\OneDrive\Desktop\solar_panel\dataset\PRoject\Clean\Clean (173).jpg
Electrical (47)_aug_1.jpg,Electrical_damage_generated,Electrical_damage_generated,True,0.9999,C:\Users\BALU\OneDrive\Desktop\solar_panel\dataset\PRoject\Electrical_damage_generated\Electrical (47)_aug_1.jpg
Imgdirty_93_1.jpg,Dusty,Dusty,True,0.9935,C:\Users\BALU\OneDrive\Desktop\solar_panel\dataset\PRoject\Dusty\Imgdirty_93_1.jpg
dirty-rooftop-solar-panels-covered-260nw-2496296819_aug_4.jpg,Bird_drop_generateds,Bird_drop_generateds,True,0.9928,C:\Users\BALU\OneDrive\Desktop\solar_panel\dataset\PRoject\Bird_drop_generateds\dirty-rooftop-solar-panels-covered-260nw-2496296819_aug_4.jpg
Imgclean_1130_0.jpg,Clean,Clean,True,0.8712,C:\Users\BALU\OneDrive\Desktop\solar_panel\dataset\PRoject\Clean\Imgclean_1130_0.jpg
dirty-rooftop-solar-panels-covered-260nw-2504133283 (1)_aug_3.jpg,Bird_drop_generateds,Bird_drop_generateds,True,0.9724,C:\Users\BALU\OneDrive\Desktop\solar_panel\dataset\PRoject\Bird_drop_generateds\dirty-rooftop-solar-panels-covered-260nw-2504133283 (1)_aug_3.jpg
Electrical (38)_aug_1.jpg,Electrical_damage_generated,Electrical_damage_generated,True,0.9991,C:\Users\BALU\OneDrive\Desktop\solar_panel\dataset\PRoject\Electrical_damage_generated\Electrical (38)_aug_1.jpg
Imgdirty_692_1.jpg,Dusty,Bird_drop_generateds,False,0.5619,C:\Users\BALU\OneDrive\Desktop\solar_panel\dataset\PRoject\Dusty\Imgdirty_692_1.jpg
Snow (21)_aug_3.jpg,Snow_covered_generated,Snow_covered_generated,True,0.9995,C:\Users\BALU\OneDrive\Desktop\solar_panel\dataset\PRoject\Snow_covered_generated\Snow (21)_aug_3.jpg
Imgdirty_371_1.jpg,Dusty,Dusty,True,0.5906,C:\Users\BALU\OneDrive\Desktop\solar_panel\dataset\PRoject\Dusty\Imgdirty_371_1.jpg
Snow (119)_aug_2.jpg,Snow_covered_generated,Snow_covered_generated,True,0.9939,C:\Users\BALU\OneDrive\Desktop\solar_panel\dataset\PRoject\Snow_covered_generated\Snow (119)_aug_2.jpg
Imgclean_845_0.jpg,Clean,Clean,True,0.9849,C:\Users\BALU\OneDrive\Desktop\solar_panel\dataset\PRoject\Clean\Imgclean_845_0.jpg
destroyed-by-hurricane-wind-photovoltaic-260nw-2403254529_aug_4.jpg,Physcial_damage_generated,Physcial_damage_generated,True,0.9978,C:\Users\BALU\OneDrive\Desktop\solar_panel\dataset\PRoject\Physcial_damage_generated\destroyed-by-hurricane-wind-photovoltaic-260nw-2403254529_aug_4.jpg
Electrical (31)_aug_2 - Copy.jpg,Electrical_damage_generated,Electrical_damage_generated,True,0.6207,C:\Users\BALU\OneDrive\Desktop\solar_panel\dataset\PRoject\Electrical_damage_generated\Electrical (31)_aug_2 - Copy.jpg
Electrical (21)_aug_3 - Copy.jpg,Electrical_damage_generated,Electrical_damage_generated,True,0.9998,C:\Users\BALU\OneDrive\Desktop\solar_panel\dataset\PRoject\Electrical_damage_generated\Electrical (21)_aug_3 - Copy.jpg
upper-surface-solar-rooftop-which-260nw-2325680141_aug_3.jpg,Bird_drop_generateds,Bird_drop_generateds,True,0.5947,C:\Users\BALU\OneDrive\Desktop\solar_panel\dataset\PRoject\Bird_drop_generateds\upper-surface-solar-rooftop-which-260nw-2325680141_aug_3.jpg
dirty-rooftop-solar-panels-covered-260nw-2497687683_aug_2.jpg,Bird_drop_generateds,Physcial_damage_generated,False,0.5022,C:\Users\BALU\OneDrive\Desktop\solar_panel\dataset\PRoject\Bird_drop_generateds\dirty-rooftop-solar-panels-covered-260nw-2497687683_aug_2.jpg
snowcovered-solar-panels-on-rooftop-260nw-2586920735_aug_2.jpg,Snow_covered_generated,Snow_covered_generated,True,0.9999,C:\Users\BALU\OneDrive\Desktop\solar_panel\dataset\PRoject\Snow_covered_generated\snowcovered-solar-panels-on-rooftop-260nw-2586920735_aug_2.jpg
Electrical (36)_aug_2 - Copy.jpg,Electrical_damage_generated,Electrical_damage_generated,True,0.9991,C:\Users\BALU\OneDrive\Desktop\solar_panel\dataset\PRoject\Electrical_damage_generated\Electrical (36)_aug_2 - Copy.jpg
Imgclean_512_0.jpg,Clean,Clean,True,0.8601,C:\Users\BALU\OneDrive\Desktop\solar_panel\dataset\PRoject\Clean\Imgclean_512_0.jpg
Dust (80).jpg,Dusty,Dusty,True,0.9198,C:\Users\BALU\OneDrive\Desktop\solar_panel\dataset\PRoject\Dusty\Dust (80).jpg
Electrical (94)_aug_3 - Copy.jpg,Electrical_damage_generated,Electrical_damage_generated,True,0.9989,C:\Users\BALU\OneDrive\Desktop\solar_panel\dataset\PRoject\Electrical_damage_generated\Electrical (94)_aug_3 - Copy.jpg
Imgclean_123_0.jpg,Clean,Clean,True,0.9969,C:\Users\BALU\OneDrive\Desktop\solar_panel\dataset\PRoject\Clean\Imgclean_123_0.jpg
Physical (4)_aug_0.jpg,Physcial_damage_generated,Physcial_damage_generated,True,0.999,C:\Users\BALU\OneDrive\Desktop\solar_panel\dataset\PRoject\Physcial_damage_generated\Physical (4)_aug_0.jpg
Imgdirty_107_1.jpg,Dusty,Clean,False,0.8554,C:\Users\BALU\OneDrive\Desktop\solar_panel\dataset\PRoject\Dusty\Imgdirty_107_1.jpg
Imgdirty_557_1.jpg,Dusty,Dusty,True,0.8505,C:\Users\BALU\OneDrive\Desktop\solar_panel\dataset\PRoject\Dusty\Imgdirty_557_1.jpg
Snow (23)_aug_2.jpg,Snow_covered_generated,Snow_covered_generated,True,0.8549,C:\Users\BALU\OneDrive\Desktop\solar_panel\dataset\PRoject\Snow_covered_generated\Snow (23)_aug_2.jpg
Imgdirty_396_1.jpg,Dusty,Dusty,True,0.6694,C:\Users\BALU\OneDrive\Desktop\solar_panel\dataset\PRoject\Dusty\Imgdirty_396_1.jpg
Dust (37).jpg,Dusty,Dusty,True,0.8623,C:\Users\BALU\OneDrive\Desktop\solar_panel\dataset\PRoject\Dusty\Dust (37).jpg
Imgdirty_996_1.jpg,Dusty,Clean,False,0.437,C:\Users\BALU\OneDrive\Desktop\solar_panel\dataset\PRoject\Dusty\Imgdirty_996_1.jpg
Imgclean_613_0.jpg,Clean,Clean,True,0.7998,C:\Users\BALU\OneDrive\Desktop\solar_panel\dataset\PRoject\Clean\Imgclean_613_0.jpg
Electrical (69)_aug_4 - Copy.jpg,Electrical_damage_generated,Electrical_damage_generated,True,1.0,C:\Users\BALU\OneDrive\Desktop\solar_panel\dataset\PRoject\Electrical_damage_generated\Electrical (69)_aug_4 - Copy.jpg
Imgclean_1431_0.jpg,Clean,Dusty,False,0.8402,C:\Users\BALU\OneDrive\Desktop\solar_panel\dataset\PRoject\Clean\Imgclean_1431_0.jpg
Snow (98)_aug_4.jpg,Snow_covered_generated,Snow_covered_generated,True,0.9935,C:\Users\BALU\OneDrive\Desktop\solar_panel\dataset\PRoject\Snow_covered_generated\Snow (98)_aug_4.jpg
dirty-rooftop-solar-panels-covered-260nw-2496296811 (1)_aug_2.jpg,Bird_drop_generateds,Bird_drop_generateds,True,0.9721,C:\Users\BALU\OneDrive\Desktop\solar_panel\dataset\PRoject\Bird_drop_generateds\dirty-rooftop-solar-panels-covered-260nw-2496296811 (1)_aug_2.jpg
Snow (62)_aug_2.jpg,Snow_covered_generated,Snow_covered_generated,True,0.9779,C:\Users\BALU\OneDrive\Desktop\solar_panel\dataset\PRoject\Snow_covered_generated\Snow (62)_aug_2.jpg
Imgclean_415_0.jpg,Clean,Dusty,False,0.5101,C:\Users\BALU\OneDrive\Desktop\solar_panel\dataset\PRoject\Clean\Imgclean_415_0.jpg
Bird (97)_aug_4.jpg,Bird_drop_generateds,Bird_drop_generateds,True,0.9497,C:\Users\BALU\OneDrive\Desktop\solar_panel\dataset\PRoject\Bird_drop_generateds\Bird (97)_aug_4.jpg
Snow (29)_aug_3.jpg,Snow_covered_generated,Snow_covered_generated,True,0.9996,C:\Users\BALU\OneDrive\Desktop\solar_panel\dataset\PRoject\Snow_covered_generated\Snow (29)_aug_3.jpg
Physical (19)_aug_7.jpg,Physcial_damage_generated,Physcial_damage_generated,True,1.0,C:\Users\BALU\OneDrive\Desktop\solar_panel\dataset\PRoject\Physcial_damage_generated\Physical (19)_aug_7.jpg
Imgdirty_178_1.jpg,Dusty,Dusty,True,0.956,C:\Users\BALU\OneDrive\Desktop\solar_panel\dataset\PRoject\Dusty\Imgdirty_178_1.jpg
dirty-rooftop-solar-panels-covered-260nw-2503552033 (1)_aug_0.jpg,Bird_drop_generateds,Bird_drop_generateds,True,0.8683,C:\Users\BALU\OneDrive\Desktop\solar_panel\dataset\PRoject\Bird_drop_generateds\dirty-rooftop-solar-panels-covered-260nw-2503552033 (1)_aug_0.jpg
Electrical (52)_aug_4 - Copy.jpg,Electrical_damage_generated,Electrical_damage_generated,True,0.9948,C:\Users\BALU\OneDrive\Desktop\solar_panel\dataset\PRoject\Electrical_damage_generated\Electrical (52)_aug_4 - Copy.jpg
Physical (40)_aug_7.jpg,Physcial_damage_generated,Physcial_damage_generated,True,0.9813,C:\Users\BALU\OneDrive\Desktop\solar_panel\dataset\PRoject\Physcial_damage_generated\Physical (40)_aug_7.jpg
dirty-rooftop-solar-panels-covered-260nw-2504133765 (1)_aug_1.jpg,Bird_drop_generateds,Bird_drop_generateds,True,0.9754,C:\Users\BALU\OneDrive\Desktop\solar_panel\dataset\PRoject\Bird_drop_generateds\dirty-rooftop-solar-panels-covered-260nw-2504133765 (1)_aug_1.jpg
snowcovered-solar-panels-on-rooftop-260nw-2586920741_aug_4.jpg,Snow_covered_generated,Snow_covered_generated,True,0.9992,C:\Users\BALU\OneDrive\Desktop\solar_panel\dataset\PRoject\Snow_covered_generated\snowcovered-solar-panels-on-rooftop-260nw-2586920741_aug_4.jpg
Imgdirty_566_1.jpg,Dusty,Dusty,True,0.811,C:\Users\BALU\OneDrive\Desktop\solar_panel\dataset\PRoject\Dusty\Imgdirty_566_1.jpg
Imgdirty_1064_1.jpg,Dusty,Dusty,True,0.8305,C:\Users\BALU\OneDrive\Desktop\solar_panel\dataset\PRoject\Dusty\Imgdirty_1064_1.jpg
Imgclean_1175_0.jpg,Clean,Clean,True,0.8661,C:\Users\BALU\OneDrive\Desktop\solar_panel\dataset\PRoject\Clean\Imgclean_1175_0.jpg
Imgdirty_573_1.jpg,Dusty,Dusty,True,0.9667,C:\Users\BALU\OneDrive\Desktop\solar_panel\dataset\PRoject\Dusty\Imgdirty_573_1.jpg
Imgclean_116_0.jpg,Clean,Clean,True,0.9705,C:\Users\BALU\OneDrive\Desktop\solar_panel\dataset\PRoject\Clean\Imgclean_116_0.jpg
Electrical (85)_aug_1 - Copy.jpg,Electrical_damage_generated,Electrical_damage_generated,True,0.9986,C:\Users\BALU\OneDrive\Desktop\solar_panel\dataset\PRoject\Electrical_damage_generated\Electrical (85)_aug_1 - Copy.jpg
Electrical (30)_aug_0.jpg,Electrical_damage_generated,Electrical_damage_generated,True,0.9985,C:\Users\BALU\OneDrive\Desktop\solar_panel\dataset\PRoject\Electrical_damage_generated\Electrical (30)_aug_0.jpg
Physical (26)_aug_1.jpg,Physcial_damage_generated,Physcial_damage_generated,True,0.998,C:\Users\BALU\OneDrive\Desktop\solar_panel\dataset\PRoject\Physcial_damage_generated\Physical (26)_aug_1.jpg
Snow (26)_aug_0.jpg,Snow_covered_generated,Snow_covered_generated,True,0.9999,C:\Users\BALU\OneDrive\Desktop\solar_panel\dataset\PRoject\Snow_covered_generated\Snow (26)_aug_0.jpg
Imgclean_701_0.jpg,Clean,Clean,True,0.9702,C:\Users\BALU\OneDrive\Desktop\solar_panel\dataset\PRoject\Clean\Imgclean_701_0.jpg
Imgdirty_215_1.jpg,Dusty,Dusty,True,0.7445,C:\Users\BALU\OneDrive\Desktop\solar_panel\dataset\PRoject\Dusty\Imgdirty_215_1.jpg
Snow (90)_aug_3.jpg,Snow_covered_generated,Snow_covered_generated,True,0.9996,C:\Users\BALU\OneDrive\Desktop\solar_panel\dataset\PRoject\Snow_covered_generated\Snow (90)_aug_3.jpg
Snow (25)_aug_0.jpg,Snow_covered_generated,Snow_covered_generated,True,0.9848,C:\Users\BALU\OneDrive\Desktop\solar_panel\dataset\PRoject\Snow_covered_generated\Snow (25)_aug_0.jpg
Snow (106)_aug_3.jpg,Snow_covered_generated,Snow_covered_generated,True,0.9999,C:\Users\BALU\OneDrive\Desktop\solar_panel\dataset\PRoject\Snow_covered_generated\Snow (106)_aug_3.jpg
Snow (64)_aug_4.jpg,Snow_covered_generated,Snow_covered_generated,True,0.9994,C:\Users\BALU\OneDrive\Desktop\solar_panel\dataset\PRoject\Snow_covered_generated\Snow (64)_aug_4.jpg
Imgclean_1092_0.jpg,Clean,Clean,True,0.8829,C:\Users\BALU\OneDrive\Desktop\solar_panel\dataset\PRoject\Clean\Imgclean_1092_0.jpg
Dust (16).jpg,Dusty,Dusty,True,0.9817,C:\Users\BALU\OneDrive\Desktop\solar_panel\dataset\PRoject\Dusty\Dust (16).jpg
Imgdirty_331_1.jpg,Dusty,Dusty,True,0.7991,C:\Users\BALU\OneDrive\Desktop\solar_panel\dataset\PRoject\Dusty\Imgdirty_331_1.jpg
Electrical (59)_aug_0.jpg,Electrical_damage_generated,Electrical_damage_generated,True,0.998,C:\Users\BALU\OneDrive\Desktop\solar_panel\dataset\PRoject\Electrical_damage_generated\Electrical (59)_aug_0.jpg
Imgdirty_27_1.jpg,Dusty,Dusty,True,0.5274,C:\Users\BALU\OneDrive\Desktop\solar_panel\dataset\PRoject\Dusty\Imgdirty_27_1.jpg
hurricane-wind-damage-solar-panels-260nw-2441784051_aug_8.jpg,Physcial_damage_generated,Physcial_damage_generated,True,0.9559,C:\Users\BALU\OneDrive\Desktop\solar_panel\dataset\PRoject\Physcial_damage_generated\hurricane-wind-damage-solar-panels-260nw-2441784051_aug_8.jpg
Imgclean_365_0.jpg,Clean,Clean,True,0.9533,C:\Users\BALU\OneDrive\Desktop\solar_panel\dataset\PRoject\Clean\Imgclean_365_0.jpg
snowy-roof-solar-panels-covered-260nw-2537530371_aug_3.jpg,Snow_covered_generated,Snow_covered_generated,True,0.7867,C:\Users\BALU\OneDrive\Desktop\solar_panel\dataset\PRoject\Snow_covered_generated\snowy-roof-solar-panels-covered-260nw-2537530371_aug_3.jpg
cracked-solar-modules-260nw-1158411670_aug_2.jpg,Physcial_damage_generated,Physcial_damage_generated,True,0.9986,C:\Users\BALU\OneDrive\Desktop\solar_panel\dataset\PRoject\Physcial_damage_generated\cracked-solar-modules-260nw-1158411670_aug_2.jpg
Imgclean_540_0.jpg,Clean,Clean,True,0.952,C:\Users\BALU\OneDrive\Desktop\solar_panel\dataset\PRoject\Clean\Imgclean_540_0.jpg
Electrical (58)_aug_3 - Copy.jpg,Electrical_damage_generated,Electrical_damage_generated,True,1.0,C:\Users\BALU\OneDrive\Desktop\solar_panel\dataset\PRoject\Electrical_damage_generated\Electrical (58)_aug_3 - Copy.jpg
Dust (31).jpg,Dusty,Dusty,True,0.5315,C:\Users\BALU\OneDrive\Desktop\solar_panel\dataset\PRoject\Dusty\Dust (31).jpg
Snow (53)_aug_2.jpg,Snow_covered_generated,Snow_covered_generated,True,0.7091,C:\Users\BALU\OneDrive\Desktop\solar_panel\dataset\PRoject\Snow_covered_generated\Snow (53)_aug_2.jpg
Clean (7).jpg,Clean,Dusty,False,0.5217,C:\Users\BALU\OneDrive\Desktop\solar_panel\dataset\PRoject\Clean\Clean (7).jpg
photovoltaic-panels-dirty-dust-birds-260nw-1929021080 (1)_aug_4.jpg,Bird_drop_generateds,Bird_drop_generateds,True,0.8618,C:\Users\BALU\OneDrive\Desktop\solar_panel\dataset\PRoject\Bird_drop_generateds\photovoltaic-panels-dirty-dust-birds-260nw-1929021080 (1)_aug_4.jpg
dirty-rooftop-solar-panels-covered-260nw-2504133763_aug_2.jpg,Bird_drop_generateds,Bird_drop_generateds,True,0.9902,C:\Users\BALU\OneDrive\Desktop\solar_panel\dataset\PRoject\Bird_drop_generateds\dirty-rooftop-solar-panels-covered-260nw-2504133763_aug_2.jpg
Dust (168).jpg,Dusty,Dusty,True,0.9742,C:\Users\BALU\OneDrive\Desktop\solar_panel\dataset\PRoject\Dusty\Dust (168).jpg
Bird (53)_aug_4.jpg,Bird_drop_generateds,Bird_drop_generateds,True,0.9989,C:\Users\BALU\OneDrive\Desktop\solar_panel\dataset\PRoject\Bird_drop_generateds\Bird (53)_aug_4.jpg
hurricane-damaged-roof-by-thunderstorm-260nw-2205788775_aug_2.jpg,Physcial_damage_generated,Physcial_damage_generated,True,0.9508,C:\Users\BALU\OneDrive\Desktop\solar_panel\dataset\PRoject\Physcial_damage_generated\hurricane-damaged-roof-by-thunderstorm-260nw-2205788775_aug_2.jpg
Imgdirty_833_1.jpg,Dusty,Bird_drop_generateds,False,0.9812,C:\Users\BALU\OneDrive\Desktop\solar_panel\dataset\PRoject\Dusty\Imgdirty_833_1.jpg
snowcovered-solar-panels-on-rooftop-260nw-2586920749_aug_2.jpg,Snow_covered_generated,Snow_covered_generated,True,0.9874,C:\Users\BALU\OneDrive\Desktop\solar_panel\dataset\PRoject\Snow_covered_generated\snowcovered-solar-panels-on-rooftop-260nw-2586920749_aug_2.jpg
Clean (79).jpg,Clean,Clean,True,0.9761,C:\Users\BALU\OneDrive\Desktop\solar_panel\dataset\PRoject\Clean\Clean (79).jpg
solar-water-heater-power-plant-260nw-2395305081_aug_2.jpg,Snow_covered_generated,Snow_covered_generated,True,0.4916,C:\Users\BALU\OneDrive\Desktop\solar_panel\dataset\PRoject\Snow_covered_generated\solar-water-heater-power-plant-260nw-2395305081_aug_2.jpg
Bird (42)_aug_4.jpg,Bird_drop_generateds,Bird_drop_generateds,True,0.8265,C:\Users\BALU\OneDrive\Desktop\solar_panel\dataset\PRoject\Bird_drop_generateds\Bird (42)_aug_4.jpg
Dust (2).jpg,Dusty,Dusty,True,0.9994,C:\Users\BALU\OneDrive\Desktop\solar_panel\dataset\PRoject\Dusty\Dust (2).jpg
closeup-view-upper-surface-solar-260nw-2335211653 (1)_aug_0.jpg,Bird_drop_generateds,Bird_drop_generateds,True,0.9188,C:\Users\BALU\OneDrive\Desktop\solar_panel\dataset\PRoject\Bird_drop_generateds\closeup-view-upper-surface-solar-260nw-2335211653 (1)_aug_0.jpg
Bird (125)_aug_0.jpg,Bird_drop_generateds,Bird_drop_generateds,True,0.9838,C:\Users\BALU\OneDrive\Desktop\solar_panel\dataset\PRoject\Bird_drop_generateds\Bird (125)_aug_0.jpg
Imgclean_536_0.jpg,Clean,Dusty,False,0.699,C:\Users\BALU\OneDrive\Desktop\solar_panel\dataset\PRoject\Clean\Imgclean_536_0.jpg
Bird (164)_aug_1.jpg,Bird_drop_generateds,Bird_drop_generateds,True,0.9746,C:\Users\BALU\OneDrive\Desktop\solar_panel\dataset\PRoject\Bird_drop_generateds\Bird (164)_aug_1.jpg
Electrical (53)_aug_0.jpg,Electrical_damage_generated,Electrical_damage_generated,True,0.999,C:\Users\BALU\OneDrive\Desktop\solar_panel\dataset\PRoject\Electrical_damage_generated\Electrical (53)_aug_0.jpg
dirty-rooftop-solar-panels-covered-260nw-2503997003_aug_4.jpg,Bird_drop_generateds,Bird_drop_generateds,True,0.9609,C:\Users\BALU\OneDrive\Desktop\solar_panel\dataset\PRoject\Bird_drop_generateds\dirty-rooftop-solar-panels-covered-260nw-2503997003_aug_4.jpg
solar-panels-on-roof-house-260nw-2078469625 (1)_aug_4.jpg,Bird_drop_generateds,Bird_drop_generateds,True,0.9814,C:\Users\BALU\OneDrive\Desktop\solar_panel\dataset\PRoject\Bird_drop_generateds\solar-panels-on-roof-house-260nw-2078469625 (1)_aug_4.jpg
Bird (138)_aug_0.jpg,Bird_drop_generateds,Bird_drop_generateds,True,0.99,C:\Users\BALU\OneDrive\Desktop\solar_panel\dataset\PRoject\Bird_drop_generateds\Bird (138)_aug_0.jpg
solar-panels-covered-snow-winter-260nw-2413319615_aug_1.jpg,Snow_covered_generated,Snow_covered_generated,True,0.6578,C:\Users\BALU\OneDrive\Desktop\solar_panel\dataset\PRoject\Snow_covered_generated\solar-panels-covered-snow-winter-260nw-2413319615_aug_1.jpg
dirty-rooftop-solar-panels-covered-260nw-2497687689 (1)_aug_2.jpg,Bird_drop_generateds,Bird_drop_generateds,True,0.9965,C:\Users\BALU\OneDrive\Desktop\solar_panel\dataset\PRoject\Bird_drop_generateds\dirty-rooftop-solar-panels-covered-260nw-2497687689 (1)_aug_2.jpg
solar-panels-covered-snow-winter-260nw-2415839237_aug_2.jpg,Snow_covered_generated,Snow_covered_generated,True,0.9981,C:\Users\BALU\OneDrive\Desktop\solar_panel\dataset\PRoject\Snow_covered_generated\solar-panels-covered-snow-winter-260nw-2415839237_aug_2.jpg
Imgdirty_267_1.jpg,Dusty,Dusty,True,0.9939,C:\Users\BALU\OneDrive\Desktop\solar_panel\dataset\PRoject\Dusty\Imgdirty_267_1.jpg
Physical (64)_aug_5.jpg,Physcial_damage_generated,Physcial_damage_generated,True,0.7532,C:\Users\BALU\OneDrive\Desktop\solar_panel\dataset\PRoject\Physcial_damage_generated\Physical (64)_aug_5.jpg
Bird (86)_aug_2.jpg,Bird_drop_generateds,Bird_drop_generateds,True,0.9972,C:\Users\BALU\OneDrive\Desktop\solar_panel\dataset\PRoject\Bird_drop_generateds\Bird (86)_aug_2.jpg
Snow (46)_aug_0.jpg,Snow_covered_generated,Snow_covered_generated,True,0.9999,C:\Users\BALU\OneDrive\Desktop\solar_panel\dataset\PRoject\Snow_covered_generated\Snow (46)_aug_0.jpg
Imgclean_1461_0.jpg,Clean,Clean,True,0.9069,C:\Users\BALU\OneDrive\Desktop\solar_panel\dataset\PRoject\Clean\Imgclean_1461_0.jpg
Bird (21)_aug_0.jpg,Bird_drop_generateds,Bird_drop_generateds,True,0.9765,C:\Users\BALU\OneDrive\Desktop\solar_panel\dataset\PRoject\Bird_drop_generateds\Bird (21)_aug_0.jpg
dirty-rooftop-solar-panels-covered-260nw-2497687691 (1)_aug_1.jpg,Bird_drop_generateds,Bird_drop_generateds,True,0.9975,C:\Users\BALU\OneDrive\Desktop\solar_panel\dataset\PRoject\Bird_drop_generateds\dirty-rooftop-solar-panels-covered-260nw-2497687691 (1)_aug_1.jpg
Imgdirty_471_1.jpg,Dusty,Clean,False,0.6919,C:\Users\BALU\OneDrive\Desktop\solar_panel\dataset\PRoject\Dusty\Imgdirty_471_1.jpg
Imgclean_133_0.jpg,Clean,Clean,True,0.9648,C:\Users\BALU\OneDrive\Desktop\solar_panel\dataset\PRoject\Clean\Imgclean_133_0.jpg
snowcovered-solar-panels-on-rooftop-260nw-2586920781_aug_1.jpg,Snow_covered_generated,Snow_covered_generated,True,0.9987,C:\Users\BALU\OneDrive\Desktop\solar_panel\dataset\PRoject\Snow_covered_generated\snowcovered-solar-panels-on-rooftop-260nw-2586920781_aug_1.jpg
Imgclean_739_0.jpg,Clean,Clean,True,0.8984,C:\Users\BALU\OneDrive\Desktop\solar_panel\dataset\PRoject\Clean\Imgclean_739_0.jpg
Bird (108)_aug_4.jpg,Bird_drop_generateds,Bird_drop_generateds,True,0.9396,C:\Users\BALU\OneDrive\Desktop\solar_panel\dataset\PRoject\Bird_drop_generateds\Bird (108)_aug_4.jpg
Imgclean_347_0.jpg,Clean,Clean,True,0.5045,C:\Users\BALU\OneDrive\Desktop\solar_panel\dataset\PRoject\Clean\Imgclean_347_0.jpg
Electrical (42)_aug_1 - Copy.jpg,Electrical_damage_generated,Electrical_damage_generated,True,0.9977,C:\Users\BALU\OneDrive\Desktop\solar_panel\dataset\PRoject\Electrical_damage_generated\Electrical (42)_aug_1 - Copy.jpg
Imgclean_187_0.jpg,Clean,Clean,True,0.4916,C:\Users\BALU\OneDrive\Desktop\solar_panel\dataset\PRoject\Clean\Imgclean_187_0.jpg
Snow (7)_aug_1.jpg,Snow_covered_generated,Snow_covered_generated,True,0.9975,C:\Users\BALU\OneDrive\Desktop\solar_panel\dataset\PRoject\Snow_covered_generated\Snow (7)_aug_1.jpg
Electrical (76)_aug_2.jpg,Electrical_damage_generated,Electrical_damage_generated,True,0.9767,C:\Users\BALU\OneDrive\Desktop\solar_panel\dataset\PRoject\Electrical_damage_generated\Electrical (76)_aug_2.jpg
solar-panels-covered-snow-on-260nw-2273388383_aug_2.jpg,Snow_covered_generated,Snow_covered_generated,True,1.0,C:\Users\BALU\OneDrive\Desktop\solar_panel\dataset\PRoject\Snow_covered_generated\solar-panels-covered-snow-on-260nw-2273388383_aug_2.jpg
Imgdirty_853_1.jpg,Dusty,Dusty,True,0.5128,C:\Users\BALU\OneDrive\Desktop\solar_panel\dataset\PRoject\Dusty\Imgdirty_853_1.jpg
solar-panels-winter-260nw-128610944_aug_1.jpg,Snow_covered_generated,Snow_covered_generated,True,0.9935,C:\Users\BALU\OneDrive\Desktop\solar_panel\dataset\PRoject\Snow_covered_generated\solar-panels-winter-260nw-128610944_aug_1.jpg
Imgclean_1213_0.jpg,Clean,Clean,True,0.982,C:\Users\BALU\OneDrive\Desktop\solar_panel\dataset\PRoject\Clean\Imgclean_1213_0.jpg
Bird (48)_aug_3.jpg,Bird_drop_generateds,Bird_drop_generateds,True,0.994,C:\Users\BALU\OneDrive\Desktop\solar_panel\dataset\PRoject\Bird_drop_generateds\Bird (48)_aug_3.jpg
Physical (58)_aug_3.jpg,Physcial_damage_generated,Physcial_damage_generated,True,0.9486,C:\Users\BALU\OneDrive\Desktop\solar_panel\dataset\PRoject\Physcial_damage_generated\Physical (58)_aug_3.jpg
Bird (190)_aug_1.jpg,Bird_drop_generateds,Bird_drop_generateds,True,0.9328,C:\Users\BALU\OneDrive\Desktop\solar_panel\dataset\PRoject\Bird_drop_generateds\Bird (190)_aug_1.jpg
Bird (194)_aug_0.jpg,Bird_drop_generateds,Bird_drop_generateds,True,0.8276,C:\Users\BALU\OneDrive\Desktop\solar_panel\dataset\PRoject\Bird_drop_generateds\Bird (194)_aug_0.jpg
Clean (35).jpg,Clean,Clean,True,0.9966,C:\Users\BALU\OneDrive\Desktop\solar_panel\dataset\PRoject\Clean\Clean (35).jpg
Electrical (66)_aug_4.jpg,Electrical_damage_generated,Electrical_damage_generated,True,0.9997,C:\Users\BALU\OneDrive\Desktop\solar_panel\dataset\PRoject\Electrical_damage_generated\Electrical (66)_aug_4.jpg
Imgclean_1486_0.jpg,Clean,Clean,True,0.9758,C:\Users\BALU\OneDrive\Desktop\solar_panel\dataset\PRoject\Clean\Imgclean_1486_0.jpg
Imgdirty_623_1.jpg,Dusty,Dusty,True,0.9885,C:\Users\BALU\OneDrive\Desktop\solar_panel\dataset\PRoject\Dusty\Imgdirty_623_1.jpg
Physical (67)_aug_7.jpg,Physcial_damage_generated,Physcial_damage_generated,True,0.9999,C:\Users\BALU\OneDrive\Desktop\solar_panel\dataset\PRoject\Physcial_damage_generated\Physical (67)_aug_7.jpg
snowcovered-solar-panels-on-rooftop-260nw-2570813233_aug_3.jpg,Snow_covered_generated,Dusty,False,0.5164,C:\Users\BALU\OneDrive\Desktop\solar_panel\dataset\PRoject\Snow_covered_generated\snowcovered-solar-panels-on-rooftop-260nw-2570813233_aug_3.jpg
Snow (4)_aug_1.jpg,Snow_covered_generated,Snow_covered_generated,True,0.9999,C:\Users\BALU\OneDrive\Desktop\solar_panel\dataset\PRoject\Snow_covered_generated\Snow (4)_aug_1.jpg
Bird (126)_aug_0.jpg,Bird_drop_generateds,Bird_drop_generateds,True,0.7339,C:\Users\BALU\OneDrive\Desktop\solar_panel\dataset\PRoject\Bird_drop_generateds\Bird (126)_aug_0.jpg
Physical (10)_aug_1.jpg,Physcial_damage_generated,Physcial_damage_generated,True,0.9999,C:\Users\BALU\OneDrive\Desktop\solar_panel\dataset\PRoject\Physcial_damage_generated\Physical (10)_aug_1.jpg
closeup-view-snowcovered-solar-panels-260nw-2521032953_aug_0.jpg,Snow_covered_generated,Snow_covered_generated,True,0.9999,C:\Users\BALU\OneDrive\Desktop\solar_panel\dataset\PRoject\Snow_covered_generated\closeup-view-snowcovered-solar-panels-260nw-2521032953_aug_0.jpg
Electrical (15)_aug_0.jpg,Electrical_damage_generated,Electrical_damage_generated,True,0.9966,C:\Users\BALU\OneDrive\Desktop\solar_panel\dataset\PRoject\Electrical_damage_generated\Electrical (15)_aug_0.jpg
destroyed-by-hurricane-winds-broken-260nw-2351656177_aug_7.jpg,Physcial_damage_generated,Physcial_damage_generated,True,0.9977,C:\Users\BALU\OneDrive\Desktop\solar_panel\dataset\PRoject\Physcial_damage_generated\destroyed-by-hurricane-winds-broken-260nw-2351656177_aug_7.jpg
Imgclean_19_0.jpg,Clean,Dusty,False,0.3615,C:\Users\BALU\OneDrive\Desktop\solar_panel\dataset\PRoject\Clean\Imgclean_19_0.jpg
Imgclean_681_0.jpg,Clean,Clean,True,0.854,C:\Users\BALU\OneDrive\Desktop\solar_panel\dataset\PRoject\Clean\Imgclean_681_0.jpg
Bird (180)_aug_2.jpg,Bird_drop_generateds,Bird_drop_generateds,True,0.5264,C:\Users\BALU\OneDrive\Desktop\solar_panel\dataset\PRoject\Bird_drop_generateds\Bird (180)_aug_2.jpg
Imgdirty_911_1.jpg,Dusty,Dusty,True,0.9603,C:\Users\BALU\OneDrive\Desktop\solar_panel\dataset\PRoject\Dusty\Imgdirty_911_1.jpg
Imgclean_1445_0.jpg,Clean,Clean,True,0.9778,C:\Users\BALU\OneDrive\Desktop\solar_panel\dataset\PRoject\Clean\Imgclean_1445_0.jpg
Imgdirty_472_1.jpg,Dusty,Dusty,True,0.9628,C:\Users\BALU\OneDrive\Desktop\solar_panel\dataset\PRoject\Dusty\Imgdirty_472_1.jpg
snowcovered-solar-panels-during-cold-260nw-2586069141_aug_2.jpg,Snow_covered_generated,Physcial_damage_generated,False,0.5562,C:\Users\BALU\OneDrive\Desktop\solar_panel\dataset\PRoject\Snow_covered_generated\snowcovered-solar-panels-during-cold-260nw-2586069141_aug_2.jpg
Imgclean_721_0.jpg,Clean,Clean,True,0.9693,C:\Users\BALU\OneDrive\Desktop\solar_panel\dataset\PRoject\Clean\Imgclean_721_0.jpg
Bird (174)_aug_0.jpg,Bird_drop_generateds,Bird_drop_generateds,True,0.9944,C:\Users\BALU\OneDrive\Desktop\solar_panel\dataset\PRoject\Bird_drop_generateds\Bird (174)_aug_0.jpg
Imgdirty_373_1.jpg,Dusty,Dusty,True,0.9902,C:\Users\BALU\OneDrive\Desktop\solar_panel\dataset\PRoject\Dusty\Imgdirty_373_1.jpg
Bird (131)_aug_2.jpg,Bird_drop_generateds,Bird_drop_generateds,True,0.9416,C:\Users\BALU\OneDrive\Desktop\solar_panel\dataset\PRoject\Bird_drop_generateds\Bird (131)_aug_2.jpg
Dust (166).jpg,Dusty,Dusty,True,0.9817,C:\Users\BALU\OneDrive\Desktop\solar_panel\dataset\PRoject\Dusty\Dust (166).jpg
Imgclean_611_0.jpg,Clean,Clean,True,0.6313,C:\Users\BALU\OneDrive\Desktop\solar_panel\dataset\PRoject\Clean\Imgclean_611_0.jpg
Imgclean_699_0.jpg,Clean,Clean,True,0.9616,C:\Users\BALU\OneDrive\Desktop\solar_panel\dataset\PRoject\Clean\Imgclean_699_0.jpg
photovoltaic-roof-on-house-which-260nw-1927425767_aug_2.jpg,Bird_drop_generateds,Bird_drop_generateds,True,0.9822,C:\Users\BALU\OneDrive\Desktop\solar_panel\dataset\PRoject\Bird_drop_generateds\photovoltaic-roof-on-house-which-260nw-1927425767_aug_2.jpg
Snow (39)_aug_3.jpg,Snow_covered_generated,Snow_covered_generated,True,1.0,C:\Users\BALU\OneDrive\Desktop\solar_panel\dataset\PRoject\Snow_covered_generated\Snow (39)_aug_3.jpg
Electrical (68)_aug_3.jpg,Electrical_damage_generated,Electrical_damage_generated,True,0.9951,C:\Users\BALU\OneDrive\Desktop\solar_panel\dataset\PRoject\Electrical_damage_generated\Electrical (68)_aug_3.jpg
Bird (60)_aug_0.jpg,Bird_drop_generateds,Bird_drop_generateds,True,0.9217,C:\Users\BALU\OneDrive\Desktop\solar_panel\dataset\PRoject\Bird_drop_generateds\Bird (60)_aug_0.jpg
Bird (97)_aug_1.jpg,Bird_drop_generateds,Bird_drop_generateds,True,0.9741,C:\Users\BALU\OneDrive\Desktop\solar_panel\dataset\PRoject\Bird_drop_generateds\Bird (97)_aug_1.jpg
Bird (174)_aug_4.jpg,Bird_drop_generateds,Bird_drop_generateds,True,0.9978,C:\Users\BALU\OneDrive\Desktop\solar_panel\dataset\PRoject\Bird_drop_generateds\Bird (174)_aug_4.jpg
closeup-snowcovered-solar-panels-on-260nw-2574006891_aug_4.jpg,Snow_covered_generated,Snow_covered_generated,True,0.9567,C:\Users\BALU\OneDrive\Desktop\solar_panel\dataset\PRoject\Snow_covered_generated\closeup-snowcovered-solar-panels-on-260nw-2574006891_aug_4.jpg
Imgclean_1020_0.jpg,Clean,Clean,True,0.9389,C:\Users\BALU\OneDrive\Desktop\solar_panel\dataset\PRoject\Clean\Imgclean_1020_0.jpg
snowcovered-solar-panels-on-rooftop-260nw-2586920777_aug_3.jpg,Snow_covered_generated,Snow_covered_generated,True,0.9999,C:\Users\BALU\OneDrive\Desktop\solar_panel\dataset\PRoject\Snow_covered_generated\snowcovered-solar-panels-on-rooftop-260nw-2586920777_aug_3.jpg
Dust (3).jpg,Dusty,Dusty,True,0.961,C:\Users\BALU\OneDrive\Desktop\solar_panel\dataset\PRoject\Dusty\Dust (3).jpg
Imgclean_257_0.jpg,Clean,Clean,True,0.9904,C:\Users\BALU\OneDrive\Desktop\solar_panel\dataset\PRoject\Clean\Imgclean_257_0.jpg
Imgdirty_821_1.jpg,Dusty,Bird_drop_generateds,False,0.768,C:\Users\BALU\OneDrive\Desktop\solar_panel\dataset\PRoject\Dusty\Imgdirty_821_1.jpg
Bird (176)_aug_4.jpg,Bird_drop_generateds,Bird_drop_generateds,True,0.9897,C:\Users\BALU\OneDrive\Desktop\solar_panel\dataset\PRoject\Bird_drop_generateds\Bird (176)_aug_4.jpg
snowcovered-solar-panels-on-rooftop-260nw-2586920733_aug_1.jpg,Snow_covered_generated,Snow_covered_generated,True,0.9989,C:\Users\BALU\OneDrive\Desktop\solar_panel\dataset\PRoject\Snow_covered_generated\snowcovered-solar-panels-on-rooftop-260nw-2586920733_aug_1.jpg
Imgdirty_58_1.jpg,Dusty,Dusty,True,0.9515,C:\Users\BALU\OneDrive\Desktop\solar_panel\dataset\PRoject\Dusty\Imgdirty_58_1.jpg
snowcovered-solar-panels-winter-landscape-260nw-2584116713_aug_1.jpg,Snow_covered_generated,Snow_covered_generated,True,0.9461,C:\Users\BALU\OneDrive\Desktop\solar_panel\dataset\PRoject\Snow_covered_generated\snowcovered-solar-panels-winter-landscape-260nw-2584116713_aug_1.jpg
Imgclean_105_0.jpg,Clean,Clean,True,0.9763,C:\Users\BALU\OneDrive\Desktop\solar_panel\dataset\PRoject\Clean\Imgclean_105_0.jpg
Bird (113)_aug_1.jpg,Bird_drop_generateds,Bird_drop_generateds,True,0.9998,C:\Users\BALU\OneDrive\Desktop\solar_panel\dataset\PRoject\Bird_drop_generateds\Bird (113)_aug_1.jpg
Physical (35)_aug_2.jpg,Physcial_damage_generated,Physcial_damage_generated,True,0.9993,C:\Users\BALU\OneDrive\Desktop\solar_panel\dataset\PRoject\Physcial_damage_generated\Physical (35)_aug_2.jpg
Imgclean_270_0.jpg,Clean,Clean,True,0.9494,C:\Users\BALU\OneDrive\Desktop\solar_panel\dataset\PRoject\Clean\Imgclean_270_0.jpg
Physical (34)_aug_7.jpg,Physcial_damage_generated,Physcial_damage_generated,True,0.9997,C:\Users\BALU\OneDrive\Desktop\solar_panel\dataset\PRoject\Physcial_damage_generated\Physical (34)_aug_7.jpg
Electrical (84)_aug_1.jpg,Electrical_damage_generated,Electrical_damage_generated,True,0.9984,C:\Users\BALU\OneDrive\Desktop\solar_panel\dataset\PRoject\Electrical_damage_generated\Electrical (84)_aug_1.jpg
Bird (183)_aug_4.jpg,Bird_drop_generateds,Bird_drop_generateds,True,0.9393,C:\Users\BALU\OneDrive\Desktop\solar_panel\dataset\PRoject\Bird_drop_generateds\Bird (183)_aug_4.jpg
dirty-rooftop-solar-panels-covered-260nw-2497687685_aug_3.jpg,Bird_drop_generateds,Bird_drop_generateds,True,0.8336,C:\Users\BALU\OneDrive\Desktop\solar_panel\dataset\PRoject\Bird_drop_generateds\dirty-rooftop-solar-panels-covered-260nw-2497687685_aug_3.jpg
Imgclean_378_0.jpg,Clean,Clean,True,0.9907,C:\Users\BALU\OneDrive\Desktop\solar_panel\dataset\PRoject\Clean\Imgclean_378_0.jpg
Imgclean_1182_0.jpg,Clean,Clean,True,0.9872,C:\Users\BALU\OneDrive\Desktop\solar_panel\dataset\PRoject\Clean\Imgclean_1182_0.jpg
dirty-rooftop-solar-panels-covered-260nw-2503552043 (1)_aug_3.jpg,Bird_drop_generateds,Bird_drop_generateds,True,0.9441,C:\Users\BALU\OneDrive\Desktop\solar_panel\dataset\PRoject\Bird_drop_generateds\dirty-rooftop-solar-panels-covered-260nw-2503552043 (1)_aug_3.jpg
Physical (49)_aug_0.jpg,Physcial_damage_generated,Physcial_damage_generated,True,0.9999,C:\Users\BALU\OneDrive\Desktop\solar_panel\dataset\PRoject\Physcial_damage_generated\Physical (49)_aug_0.jpg
Imgclean_1472_0.jpg,Clean,Dusty,False,0.8527,C:\Users\BALU\OneDrive\Desktop\solar_panel\dataset\PRoject\Clean\Imgclean_1472_0.jpg
Imgdirty_88_1.jpg,Dusty,Clean,False,0.8961,C:\Users\BALU\OneDrive\Desktop\solar_panel\dataset\PRoject\Dusty\Imgdirty_88_1.jpg
Imgclean_852_0.jpg,Clean,Clean,True,0.6262,C:\Users\BALU\OneDrive\Desktop\solar_panel\dataset\PRoject\Clean\Imgclean_852_0.jpg
hurricane-damaged-roof-by-thunderstorm-260nw-2205788775_aug_5.jpg,Physcial_damage_generated,Physcial_damage_generated,True,0.996,C:\Users\BALU\OneDrive\Desktop\solar_panel\dataset\PRoject\Physcial_damage_generated\hurricane-damaged-roof-by-thunderstorm-260nw-2205788775_aug_5.jpg
Physical (48)_aug_2.jpg,Physcial_damage_generated,Physcial_damage_generated,True,1.0,C:\Users\BALU\OneDrive\Desktop\solar_panel\dataset\PRoject\Physcial_damage_generated\Physical (48)_aug_2.jpg
Electrical (28)_aug_2.jpg,Electrical_damage_generated,Electrical_damage_generated,True,0.9987,C:\Users\BALU\OneDrive\Desktop\solar_panel\dataset\PRoject\Electrical_damage_generated\Electrical (28)_aug_2.jpg
Imgclean_720_0.jpg,Clean,Dusty,False,0.3814,C:\Users\BALU\OneDrive\Desktop\solar_panel\dataset\PRoject\Clean\Imgclean_720_0.jpg
snow-covered-solar-panels-on-260nw-2444789661_aug_4.jpg,Snow_covered_generated,Snow_covered_generated,True,0.9937,C:\Users\BALU\OneDrive\Desktop\solar_panel\dataset\PRoject\Snow_covered_generated\snow-covered-solar-panels-on-260nw-2444789661_aug_4.jpg
Electrical (69)_aug_3.jpg,Electrical_damage_generated,Electrical_damage_generated,True,1.0,C:\Users\BALU\OneDrive\Desktop\solar_panel\dataset\PRoject\Electrical_damage_generated\Electrical (69)_aug_3.jpg
Imgclean_126_0.jpg,Clean,Clean,True,0.9597,C:\Users\BALU\OneDrive\Desktop\solar_panel\dataset\PRoject\Clean\Imgclean_126_0.jpg
Electrical (65)_aug_4 - Copy.jpg,Electrical_damage_generated,Electrical_damage_generated,True,0.9962,C:\Users\BALU\OneDrive\Desktop\solar_panel\dataset\PRoject\Electrical_damage_generated\Electrical (65)_aug_4 - Copy.jpg
Snow (108)_aug_3.jpg,Snow_covered_generated,Snow_covered_generated,True,0.7253,C:\Users\BALU\OneDrive\Desktop\solar_panel\dataset\PRoject\Snow_covered_generated\Snow (108)_aug_3.jpg
solar-panels-covered-snow-winter-260nw-2415839237_aug_1.jpg,Snow_covered_generated,Snow_covered_generated,True,0.9984,C:\Users\BALU\OneDrive\Desktop\solar_panel\dataset\PRoject\Snow_covered_generated\solar-panels-covered-snow-winter-260nw-2415839237_aug_1.jpg
Electrical (22)_aug_0 - Copy.jpg,Electrical_damage_generated,Electrical_damage_generated,True,0.9998,C:\Users\BALU\OneDrive\Desktop\solar_panel\dataset\PRoject\Electrical_damage_generated\Electrical (22)_aug_0 - Copy.jpg
Electrical (12)_aug_4.jpg,Electrical_damage_generated,Electrical_damage_generated,True,0.9984,C:\Users\BALU\OneDrive\Desktop\solar_panel\dataset\PRoject\Electrical_damage_generated\Electrical (12)_aug_4.jpg
Imgdirty_989_1.jpg,Dusty,Dusty,True,0.517,C:\Users\BALU\OneDrive\Desktop\solar_panel\dataset\PRoject\Dusty\Imgdirty_989_1.jpg
Snow (84)_aug_3.jpg,Snow_covered_generated,Snow_covered_generated,True,0.7854,C:\Users\BALU\OneDrive\Desktop\solar_panel\dataset\PRoject\Snow_covered_generated\Snow (84)_aug_3.jpg
Imgclean_954_0.jpg,Clean,Clean,True,0.7686,C:\Users\BALU\OneDrive\Desktop\solar_panel\dataset\PRoject\Clean\Imgclean_954_0.jpg
three-big-dents-hail-on-260nw-2535523971_aug_2.jpg,Physcial_damage_generated,Electrical_damage_generated,False,0.3699,C:\Users\BALU\OneDrive\Desktop\solar_panel\dataset\PRoject\Physcial_damage_generated\three-big-dents-hail-on-260nw-2535523971_aug_2.jpg
aerial-close-up-broken-glass-260nw-2603741239 (1)_aug_1.jpg,Physcial_damage_generated,Physcial_damage_generated,True,0.9515,C:\Users\BALU\OneDrive\Desktop\solar_panel\dataset\PRoject\Physcial_damage_generated\aerial-close-up-broken-glass-260nw-2603741239 (1)_aug_1.jpg
Physical (1)_aug_3.jpg,Physcial_damage_generated,Physcial_damage_generated,True,0.894,C:\Users\BALU\OneDrive\Desktop\solar_panel\dataset\PRoject\Physcial_damage_generated\Physical (1)_aug_3.jpg
dirty-rooftop-solar-panels-covered-260nw-2504133307_aug_3.jpg,Bird_drop_generateds,Bird_drop_generateds,True,0.9844,C:\Users\BALU\OneDrive\Desktop\solar_panel\dataset\PRoject\Bird_drop_generateds\dirty-rooftop-solar-panels-covered-260nw-2504133307_aug_3.jpg
Physical (44)_aug_3.jpg,Physcial_damage_generated,Physcial_damage_generated,True,0.9906,C:\Users\BALU\OneDrive\Desktop\solar_panel\dataset\PRoject\Physcial_damage_generated\Physical (44)_aug_3.jpg
Snow (79)_aug_0.jpg,Snow_covered_generated,Snow_covered_generated,True,0.9999,C:\Users\BALU\OneDrive\Desktop\solar_panel\dataset\PRoject\Snow_covered_generated\Snow (79)_aug_0.jpg
Imgdirty_855_1.jpg,Dusty,Dusty,True,0.9973,C:\Users\BALU\OneDrive\Desktop\solar_panel\dataset\PRoject\Dusty\Imgdirty_855_1.jpg
Physical (51)_aug_4.jpg,Physcial_damage_generated,Bird_drop_generateds,False,0.9895,C:\Users\BALU\OneDrive\Desktop\solar_panel\dataset\PRoject\Physcial_damage_generated\Physical (51)_aug_4.jpg
Snow (66)_aug_0.jpg,Snow_covered_generated,Snow_covered_generated,True,0.998,C:\Users\BALU\OneDrive\Desktop\solar_panel\dataset\PRoject\Snow_covered_generated\Snow (66)_aug_0.jpg
Imgdirty_796_1.jpg,Dusty,Dusty,True,0.661,C:\Users\BALU\OneDrive\Desktop\solar_panel\dataset\PRoject\Dusty\Imgdirty_796_1.jpg
Electrical (59)_aug_0 - Copy.jpg,Electrical_damage_generated,Electrical_damage_generated,True,0.998,C:\Users\BALU\OneDrive\Desktop\solar_panel\dataset\PRoject\Electrical_damage_generated\Electrical (59)_aug_0 - Copy.jpg
Imgclean_1334_0.jpg,Clean,Clean,True,0.9733,C:\Users\BALU\OneDrive\Desktop\solar_panel\dataset\PRoject\Clean\Imgclean_1334_0.jpg
Dust (75).jpg,Dusty,Dusty,True,0.9441,C:\Users\BALU\OneDrive\Desktop\solar_panel\dataset\PRoject\Dusty\Dust (75).jpg
aerial-close-up-set-solar-260nw-2598649929 (1)_aug_2.jpg,Physcial_damage_generated,Physcial_damage_generated,True,0.9801,C:\Users\BALU\OneDrive\Desktop\solar_panel\dataset\PRoject\Physcial_damage_generated\aerial-close-up-set-solar-260nw-2598649929 (1)_aug_2.jpg
Physical (30)_aug_6.jpg,Physcial_damage_generated,Physcial_damage_generated,True,0.7875,C:\Users\BALU\OneDrive\Desktop\solar_panel\dataset\PRoject\Physcial_damage_generated\Physical (30)_aug_6.jpg
Imgclean_913_0.jpg,Clean,Clean,True,0.928,C:\Users\BALU\OneDrive\Desktop\solar_panel\dataset\PRoject\Clean\Imgclean_913_0.jpg
Imgdirty_453_1.jpg,Dusty,Dusty,True,0.545,C:\Users\BALU\OneDrive\Desktop\solar_panel\dataset\PRoject\Dusty\Imgdirty_453_1.jpg
Imgclean_283_0.jpg,Clean,Clean,True,0.9426,C:\Users\BALU\OneDrive\Desktop\solar_panel\dataset\PRoject\Clean\Imgclean_283_0.jpg
Physical (5)_aug_0.jpg,Physcial_damage_generated,Physcial_damage_generated,True,0.9791,C:\Users\BALU\OneDrive\Desktop\solar_panel\dataset\PRoject\Physcial_damage_generated\Physical (5)_aug_0.jpg
Dust (6).jpg,Dusty,Dusty,True,0.9569,C:\Users\BALU\OneDrive\Desktop\solar_panel\dataset\PRoject\Dusty\Dust (6).jpg
Dust (172).jpg,Dusty,Dusty,True,0.9817,C:\Users\BALU\OneDrive\Desktop\solar_panel\dataset\PRoject\Dusty\Dust (172).jpg
Imgdirty_95_1.jpg,Dusty,Dusty,True,0.9377,C:\Users\BALU\OneDrive\Desktop\solar_panel\dataset\PRoject\Dusty\Imgdirty_95_1.jpg
Imgclean_1013_0.jpg,Clean,Clean,True,0.999,C:\Users\BALU\OneDrive\Desktop\solar_panel\dataset\PRoject\Clean\Imgclean_1013_0.jpg
rows-snow-covered-solar-panels-260nw-144299350_aug_1.jpg,Snow_covered_generated,Snow_covered_generated,True,0.9978,C:\Users\BALU\OneDrive\Desktop\solar_panel\dataset\PRoject\Snow_covered_generated\rows-snow-covered-solar-panels-260nw-144299350_aug_1.jpg
Imgdirty_774_1.jpg,Dusty,Dusty,True,0.8491,C:\Users\BALU\OneDrive\Desktop\solar_panel\dataset\PRoject\Dusty\Imgdirty_774_1.jpg
Imgclean_433_0.jpg,Clean,Clean,True,0.8338,C:\Users\BALU\OneDrive\Desktop\solar_panel\dataset\PRoject\Clean\Imgclean_433_0.jpg
Snow (61)_aug_4.jpg,Snow_covered_generated,Snow_covered_generated,True,0.9871,C:\Users\BALU\OneDrive\Desktop\solar_panel\dataset\PRoject\Snow_covered_generated\Snow (61)_aug_4.jpg
Electrical (72)_aug_1 - Copy.jpg,Electrical_damage_generated,Electrical_damage_generated,True,0.9618,C:\Users\BALU\OneDrive\Desktop\solar_panel\dataset\PRoject\Electrical_damage_generated\Electrical (72)_aug_1 - Copy.jpg
Imgclean_1240_0.jpg,Clean,Clean,True,0.9676,C:\Users\BALU\OneDrive\Desktop\solar_panel\dataset\PRoject\Clean\Imgclean_1240_0.jpg
Snow (98)_aug_2.jpg,Snow_covered_generated,Snow_covered_generated,True,0.9958,C:\Users\BALU\OneDrive\Desktop\solar_panel\dataset\PRoject\Snow_covered_generated\Snow (98)_aug_2.jpg
Snow (119)_aug_1.jpg,Snow_covered_generated,Snow_covered_generated,True,0.993,C:\Users\BALU\OneDrive\Desktop\solar_panel\dataset\PRoject\Snow_covered_generated\Snow (119)_aug_1.jpg
broken-destroyed-solar-panel-outside-260nw-1573025164_aug_4.jpg,Physcial_damage_generated,Physcial_damage_generated,True,0.9999,C:\Users\BALU\OneDrive\Desktop\solar_panel\dataset\PRoject\Physcial_damage_generated\broken-destroyed-solar-panel-outside-260nw-1573025164_aug_4.jpg
Electrical (14)_aug_4 - Copy.jpg,Electrical_damage_generated,Electrical_damage_generated,True,0.9974,C:\Users\BALU\OneDrive\Desktop\solar_panel\dataset\PRoject\Electrical_damage_generated\Electrical (14)_aug_4 - Copy.jpg
Physical (46)_aug_9.jpg,Physcial_damage_generated,Physcial_damage_generated,True,0.9993,C:\Users\BALU\OneDrive\Desktop\solar_panel\dataset\PRoject\Physcial_damage_generated\Physical (46)_aug_9.jpg
Imgclean_60_0.jpg,Clean,Clean,True,0.7495,C:\Users\BALU\OneDrive\Desktop\solar_panel\dataset\PRoject\Clean\Imgclean_60_0.jpg
Physical (3)_aug_3.jpg,Physcial_damage_generated,Physcial_damage_generated,True,0.9995,C:\Users\BALU\OneDrive\Desktop\solar_panel\dataset\PRoject\Physcial_damage_generated\Physical (3)_aug_3.jpg
Bird (80)_aug_3.jpg,Bird_drop_generateds,Dusty,False,0.7113,C:\Users\BALU\OneDrive\Desktop\solar_panel\dataset\PRoject\Bird_drop_generateds\Bird (80)_aug_3.jpg
Imgdirty_642_1.jpg,Dusty,Dusty,True,0.9757,C:\Users\BALU\OneDrive\Desktop\solar_panel\dataset\PRoject\Dusty\Imgdirty_642_1.jpg
Imgdirty_24_1.jpg,Dusty,Bird_drop_generateds,False,0.3547,C:\Users\BALU\OneDrive\Desktop\solar_panel\dataset\PRoject\Dusty\Imgdirty_24_1.jpg
Bird (61)_aug_1.jpg,Bird_drop_generateds,Bird_drop_generateds,True,0.9954,C:\Users\BALU\OneDrive\Desktop\solar_panel\dataset\PRoject\Bird_drop_generateds\Bird (61)_aug_1.jpg
detail-solar-panels-damaged-by-260nw-1799972737_aug_0.jpg,Physcial_damage_generated,Physcial_damage_generated,True,0.9666,C:\Users\BALU\OneDrive\Desktop\solar_panel\dataset\PRoject\Physcial_damage_generated\detail-solar-panels-damaged-by-260nw-1799972737_aug_0.jpg
Electrical (94)_aug_3.jpg,Electrical_damage_generated,Electrical_damage_generated,True,0.9989,C:\Users\BALU\OneDrive\Desktop\solar_panel\dataset\PRoject\Electrical_damage_generated\Electrical (94)_aug_3.jpg
Bird (121)_aug_2.jpg,Bird_drop_generateds,Bird_drop_generateds,True,0.918,C:\Users\BALU\OneDrive\Desktop\solar_panel\dataset\PRoject\Bird_drop_generateds\Bird (121)_aug_2.jpg
Electrical (60)_aug_0 - Copy.jpg,Electrical_damage_generated,Electrical_damage_generated,True,1.0,C:\Users\BALU\OneDrive\Desktop\solar_panel\dataset\PRoject\Electrical_damage_generated\Electrical (60)_aug_0 - Copy.jpg
broken-solar-panel-torn-mount-260nw-2215881473_aug_7.jpg,Physcial_damage_generated,Physcial_damage_generated,True,0.9608,C:\Users\BALU\OneDrive\Desktop\solar_panel\dataset\PRoject\Physcial_damage_generated\broken-solar-panel-torn-mount-260nw-2215881473_aug_7.jpg
snowy-solar-panels-on-roof-260nw-186955757_aug_1.jpg,Snow_covered_generated,Snow_covered_generated,True,0.9715,C:\Users\BALU\OneDrive\Desktop\solar_panel\dataset\PRoject\Snow_covered_generated\snowy-solar-panels-on-roof-260nw-186955757_aug_1.jpg
Imgdirty_483_1.jpg,Dusty,Dusty,True,0.9987,C:\Users\BALU\OneDrive\Desktop\solar_panel\dataset\PRoject\Dusty\Imgdirty_483_1.jpg
Imgdirty_374_1.jpg,Dusty,Clean,False,0.8499,C:\Users\BALU\OneDrive\Desktop\solar_panel\dataset\PRoject\Dusty\Imgdirty_374_1.jpg
Physical (63)_aug_5.jpg,Physcial_damage_generated,Physcial_damage_generated,True,1.0,C:\Users\BALU\OneDrive\Desktop\solar_panel\dataset\PRoject\Physcial_damage_generated\Physical (63)_aug_5.jpg
Imgdirty_567_1.jpg,Dusty,Dusty,True,0.9759,C:\Users\BALU\OneDrive\Desktop\solar_panel\dataset\PRoject\Dusty\Imgdirty_567_1.jpg
cracked-solar-modules-260nw-1158411670_aug_1.jpg,Physcial_damage_generated,Physcial_damage_generated,True,0.9858,C:\Users\BALU\OneDrive\Desktop\solar_panel\dataset\PRoject\Physcial_damage_generated\cracked-solar-modules-260nw-1158411670_aug_1.jpg
Snow (20)_aug_4.jpg,Snow_covered_generated,Snow_covered_generated,True,0.9423,C:\Users\BALU\OneDrive\Desktop\solar_panel\dataset\PRoject\Snow_covered_generated\Snow (20)_aug_4.jpg
Electrical (95)_aug_2.jpg,Electrical_damage_generated,Electrical_damage_generated,True,0.9444,C:\Users\BALU\OneDrive\Desktop\solar_panel\dataset\PRoject\Electrical_damage_generated\Electrical (95)_aug_2.jpg
Bird (129)_aug_1.jpg,Bird_drop_generateds,Bird_drop_generateds,True,0.9956,C:\Users\BALU\OneDrive\Desktop\solar_panel\dataset\PRoject\Bird_drop_generateds\Bird (129)_aug_1.jpg
Imgclean_315_0.jpg,Clean,Clean,True,0.9057,C:\Users\BALU\OneDrive\Desktop\solar_panel\dataset\PRoject\Clean\Imgclean_315_0.jpg
snowcovered-solar-panels-on-rooftop-260nw-2586920745_aug_2.jpg,Snow_covered_generated,Snow_covered_generated,True,0.839,C:\Users\BALU\OneDrive\Desktop\solar_panel\dataset\PRoject\Snow_covered_generated\snowcovered-solar-panels-on-rooftop-260nw-2586920745_aug_2.jpg
Imgdirty_316_1.jpg,Dusty,Bird_drop_generateds,False,0.9768,C:\Users\BALU\OneDrive\Desktop\solar_panel\dataset\PRoject\Dusty\Imgdirty_316_1.jpg
Electrical (3)_aug_0 - Copy.jpg,Electrical_damage_generated,Electrical_damage_generated,True,0.9999,C:\Users\BALU\OneDrive\Desktop\solar_panel\dataset\PRoject\Electrical_damage_generated\Electrical (3)_aug_0 - Copy.jpg
broken-destroyed-cracked-hole-solar-260nw-2216617717_aug_4.jpg,Physcial_damage_generated,Physcial_damage_generated,True,0.9976,C:\Users\BALU\OneDrive\Desktop\solar_panel\dataset\PRoject\Physcial_damage_generated\broken-destroyed-cracked-hole-solar-260nw-2216617717_aug_4.jpg
Electrical (78)_aug_3.jpg,Electrical_damage_generated,Electrical_damage_generated,True,0.9999,C:\Users\BALU\OneDrive\Desktop\solar_panel\dataset\PRoject\Electrical_damage_generated\Electrical (78)_aug_3.jpg
Imgclean_269_0.jpg,Clean,Clean,True,0.674,C:\Users\BALU\OneDrive\Desktop\solar_panel\dataset\PRoject\Clean\Imgclean_269_0.jpg
consequences-natural-disaster-damaged-by-260nw-2355455047_aug_7.jpg,Physcial_damage_generated,Physcial_damage_generated,True,0.9419,C:\Users\BALU\OneDrive\Desktop\solar_panel\dataset\PRoject\Physcial_damage_generated\consequences-natural-disaster-damaged-by-260nw-2355455047_aug_7.jpg
Imgclean_251_0.jpg,Clean,Clean,True,0.978,C:\Users\BALU\OneDrive\Desktop\solar_panel\dataset\PRoject\Clean\Imgclean_251_0.jpg
Electrical (54)_aug_4.jpg,Electrical_damage_generated,Electrical_damage_generated,True,0.9816,C:\Users\BALU\OneDrive\Desktop\solar_panel\dataset\PRoject\Electrical_damage_generated\Electrical (54)_aug_4.jpg
snowcovered-solar-panels-on-rooftop-260nw-2586920765_aug_1.jpg,Snow_covered_generated,Snow_covered_generated,True,0.9966,C:\Users\BALU\OneDrive\Desktop\solar_panel\dataset\PRoject\Snow_covered_generated\snowcovered-solar-panels-on-rooftop-260nw-2586920765_aug_1.jpg
Imgdirty_779_1.jpg,Dusty,Bird_drop_generateds,False,0.7223,C:\Users\BALU\OneDrive\Desktop\solar_panel\dataset\PRoject\Dusty\Imgdirty_779_1.jpg
Clean (124).jpg,Clean,Clean,True,0.9923,C:\Users\BALU\OneDrive\Desktop\solar_panel\dataset\PRoject\Clean\Clean (124).jpg
Physical (56)_aug_6.jpg,Physcial_damage_generated,Physcial_damage_generated,True,0.975,C:\Users\BALU\OneDrive\Desktop\solar_panel\dataset\PRoject\Physcial_damage_generated\Physical (56)_aug_6.jpg
Bird (99)_aug_0.jpg,Bird_drop_generateds,Dusty,False,0.7461,C:\Users\BALU\OneDrive\Desktop\solar_panel\dataset\PRoject\Bird_drop_generateds\Bird (99)_aug_0.jpg
Physical (17)_aug_9.jpg,Physcial_damage_generated,Physcial_damage_generated,True,0.8301,C:\Users\BALU\OneDrive\Desktop\solar_panel\dataset\PRoject\Physcial_damage_generated\Physical (17)_aug_9.jpg
Imgclean_1147_0.jpg,Clean,Clean,True,0.9525,C:\Users\BALU\OneDrive\Desktop\solar_panel\dataset\PRoject\Clean\Imgclean_1147_0.jpg
Imgclean_782_0.jpg,Clean,Clean,True,0.8775,C:\Users\BALU\OneDrive\Desktop\solar_panel\dataset\PRoject\Clean\Imgclean_782_0.jpg
Electrical (26)_aug_2 - Copy.jpg,Electrical_damage_generated,Electrical_damage_generated,True,1.0,C:\Users\BALU\OneDrive\Desktop\solar_panel\dataset\PRoject\Electrical_damage_generated\Electrical (26)_aug_2 - Copy.jpg
Imgdirty_628_1.jpg,Dusty,Dusty,True,0.7956,C:\Users\BALU\OneDrive\Desktop\solar_panel\dataset\PRoject\Dusty\Imgdirty_628_1.jpg
Imgdirty_193_1.jpg,Dusty,Clean,False,0.7618,C:\Users\BALU\OneDrive\Desktop\solar_panel\dataset\PRoject\Dusty\Imgdirty_193_1.jpg
hurricane-wind-damage-solar-panels-260nw-2441784051_aug_4.jpg,Physcial_damage_generated,Physcial_damage_generated,True,0.7407,C:\Users\BALU\OneDrive\Desktop\solar_panel\dataset\PRoject\Physcial_damage_generated\hurricane-wind-damage-solar-panels-260nw-2441784051_aug_4.jpg
Imgclean_1005_0.jpg,Clean,Dusty,False,0.5371,C:\Users\BALU\OneDrive\Desktop\solar_panel\dataset\PRoject\Clean\Imgclean_1005_0.jpg
Imgclean_296_0.jpg,Clean,Clean,True,0.7842,C:\Users\BALU\OneDrive\Desktop\solar_panel\dataset\PRoject\Clean\Imgclean_296_0.jpg
Electrical (97)_aug_3.jpg,Electrical_damage_generated,Electrical_damage_generated,True,0.9999,C:\Users\BALU\OneDrive\Desktop\solar_panel\dataset\PRoject\Electrical_damage_generated\Electrical (97)_aug_3.jpg
solar-panels-covered-by-snow-260nw-2096417344_aug_4.jpg,Snow_covered_generated,Snow_covered_generated,True,0.999,C:\Users\BALU\OneDrive\Desktop\solar_panel\dataset\PRoject\Snow_covered_generated\solar-panels-covered-by-snow-260nw-2096417344_aug_4.jpg
Imgdirty_791_1.jpg,Dusty,Bird_drop_generateds,False,0.9295,C:\Users\BALU\OneDrive\Desktop\solar_panel\dataset\PRoject\Dusty\Imgdirty_791_1.jpg
Electrical (98)_aug_1.jpg,Electrical_damage_generated,Electrical_damage_generated,True,0.9998,C:\Users\BALU\OneDrive\Desktop\solar_panel\dataset\PRoject\Electrical_damage_generated\Electrical (98)_aug_1.jpg
Imgdirty_764_1.jpg,Dusty,Bird_drop_generateds,False,0.9976,C:\Users\BALU\OneDrive\Desktop\solar_panel\dataset\PRoject\Dusty\Imgdirty_764_1.jpg
Imgdirty_1060_1.jpg,Dusty,Bird_drop_generateds,False,0.5508,C:\Users\BALU\OneDrive\Desktop\solar_panel\dataset\PRoject\Dusty\Imgdirty_1060_1.jpg
Imgclean_396_0.jpg,Clean,Dusty,False,0.5735,C:\Users\BALU\OneDrive\Desktop\solar_panel\dataset\PRoject\Clean\Imgclean_396_0.jpg
Electrical (95)_aug_0 - Copy.jpg,Electrical_damage_generated,Electrical_damage_generated,True,0.9967,C:\Users\BALU\OneDrive\Desktop\solar_panel\dataset\PRoject\Electrical_damage_generated\Electrical (95)_aug_0 - Copy.jpg
Imgclean_22_0.jpg,Clean,Clean,True,0.6882,C:\Users\BALU\OneDrive\Desktop\solar_panel\dataset\PRoject\Clean\Imgclean_22_0.jpg
Snow (113)_aug_2.jpg,Snow_covered_generated,Snow_covered_generated,True,0.9967,C:\Users\BALU\OneDrive\Desktop\solar_panel\dataset\PRoject\Snow_covered_generated\Snow (113)_aug_2.jpg
Bird (87)_aug_0.jpg,Bird_drop_generateds,Bird_drop_generateds,True,0.9746,C:\Users\BALU\OneDrive\Desktop\solar_panel\dataset\PRoject\Bird_drop_generateds\Bird (87)_aug_0.jpg
garden-snow-covered-solar-panels-260nw-2549472445_aug_2.jpg,Snow_covered_generated,Snow_covered_generated,True,0.987,C:\Users\BALU\OneDrive\Desktop\solar_panel\dataset\PRoject\Snow_covered_generated\garden-snow-covered-solar-panels-260nw-2549472445_aug_2.jpg
Imgclean_278_0.jpg,Clean,Clean,True,0.7898,C:\Users\BALU\OneDrive\Desktop\solar_panel\dataset\PRoject\Clean\Imgclean_278_0.jpg
Dust (40).jpg,Dusty,Electrical_damage_generated,False,0.6651,C:\Users\BALU\OneDrive\Desktop\solar_panel\dataset\PRoject\Dusty\Dust (40).jpg
Imgdirty_721_1.jpg,Dusty,Bird_drop_generateds,False,0.6328,C:\Users\BALU\OneDrive\Desktop\solar_panel\dataset\PRoject\Dusty\Imgdirty_721_1.jpg
Clean (104).jpg,Clean,Clean,True,0.9861,C:\Users\BALU\OneDrive\Desktop\solar_panel\dataset\PRoject\Clean\Clean (104).jpg
photovoltaic-roof-on-house-which-260nw-1927425767_aug_3.jpg,Bird_drop_generateds,Bird_drop_generateds,True,0.9882,C:\Users\BALU\OneDrive\Desktop\solar_panel\dataset\PRoject\Bird_drop_generateds\photovoltaic-roof-on-house-which-260nw-1927425767_aug_3.jpg
broken-destroyed-cracked-hole-solar-260nw-2216617723_aug_5.jpg,Physcial_damage_generated,Physcial_damage_generated,True,0.9919,C:\Users\BALU\OneDrive\Desktop\solar_panel\dataset\PRoject\Physcial_damage_generated\broken-destroyed-cracked-hole-solar-260nw-2216617723_aug_5.jpg
destroyed-by-hurricane-wind-photovoltaic-260nw-2403254529_aug_2.jpg,Physcial_damage_generated,Physcial_damage_generated,True,0.9753,C:\Users\BALU\OneDrive\Desktop\solar_panel\dataset\PRoject\Physcial_damage_generated\destroyed-by-hurricane-wind-photovoltaic-260nw-2403254529_aug_2.jpg
Electrical (55)_aug_4 - Copy.jpg,Electrical_damage_generated,Electrical_damage_generated,True,0.996,C:\Users\BALU\OneDrive\Desktop\solar_panel\dataset\PRoject\Electrical_damage_generated\Electrical (55)_aug_4 - Copy.jpg
Electrical (83)_aug_3 - Copy.jpg,Electrical_damage_generated,Electrical_damage_generated,True,0.9998,C:\Users\BALU\OneDrive\Desktop\solar_panel\dataset\PRoject\Electrical_damage_generated\Electrical (83)_aug_3 - Copy.jpg
Imgclean_1236_0.jpg,Clean,Clean,True,0.972,C:\Users\BALU\OneDrive\Desktop\solar_panel\dataset\PRoject\Clean\Imgclean_1236_0.jpg
Imgdirty_390_1.jpg,Dusty,Dusty,True,0.9208,C:\Users\BALU\OneDrive\Desktop\solar_panel\dataset\PRoject\Dusty\Imgdirty_390_1.jpg
Imgdirty_754_1.jpg,Dusty,Dusty,True,0.9106,C:\Users\BALU\OneDrive\Desktop\solar_panel\dataset\PRoject\Dusty\Imgdirty_754_1.jpg
Imgclean_650_0.jpg,Clean,Clean,True,0.8466,C:\Users\BALU\OneDrive\Desktop\solar_panel\dataset\PRoject\Clean\Imgclean_650_0.jpg
Bird (170)_aug_2.jpg,Bird_drop_generateds,Bird_drop_generateds,True,0.9797,C:\Users\BALU\OneDrive\Desktop\solar_panel\dataset\PRoject\Bird_drop_generateds\Bird (170)_aug_2.jpg
Bird (3)_aug_2.jpg,Bird_drop_generateds,Dusty,False,0.4302,C:\Users\BALU\OneDrive\Desktop\solar_panel\dataset\PRoject\Bird_drop_generateds\Bird (3)_aug_2.jpg
Electrical (74)_aug_2.jpg,Electrical_damage_generated,Electrical_damage_generated,True,0.9977,C:\Users\BALU\OneDrive\Desktop\solar_panel\dataset\PRoject\Electrical_damage_generated\Electrical (74)_aug_2.jpg
Imgdirty_306_1.jpg,Dusty,Clean,False,0.8681,C:\Users\BALU\OneDrive\Desktop\solar_panel\dataset\PRoject\Dusty\Imgdirty_306_1.jpg
Bird (86)_aug_1.jpg,Bird_drop_generateds,Bird_drop_generateds,True,0.9114,C:\Users\BALU\OneDrive\Desktop\solar_panel\dataset\PRoject\Bird_drop_generateds\Bird (86)_aug_1.jpg
Bird (11)_aug_3.jpg,Bird_drop_generateds,Bird_drop_generateds,True,0.9973,C:\Users\BALU\OneDrive\Desktop\solar_panel\dataset\PRoject\Bird_drop_generateds\Bird (11)_aug_3.jpg
dirty-rooftop-solar-panels-covered-260nw-2496296807_aug_1.jpg,Bird_drop_generateds,Bird_drop_generateds,True,0.9976,C:\Users\BALU\OneDrive\Desktop\solar_panel\dataset\PRoject\Bird_drop_generateds\dirty-rooftop-solar-panels-covered-260nw-2496296807_aug_1.jpg
detailed-closeup-image-solar-panels-260nw-2569638201_aug_4.jpg,Bird_drop_generateds,Bird_drop_generateds,True,0.8986,C:\Users\BALU\OneDrive\Desktop\solar_panel\dataset\PRoject\Bird_drop_generateds\detailed-closeup-image-solar-panels-260nw-2569638201_aug_4.jpg
Physical (52)_aug_0.jpg,Physcial_damage_generated,Physcial_damage_generated,True,0.8099,C:\Users\BALU\OneDrive\Desktop\solar_panel\dataset\PRoject\Physcial_damage_generated\Physical (52)_aug_0.jpg
photovoltaic-panel-becomes-dirty-which-260nw-2324130523_aug_0.jpg,Bird_drop_generateds,Bird_drop_generateds,True,0.7511,C:\Users\BALU\OneDrive\Desktop\solar_panel\dataset\PRoject\Bird_drop_generateds\photovoltaic-panel-becomes-dirty-which-260nw-2324130523_aug_0.jpg
Physical (30)_aug_8.jpg,Physcial_damage_generated,Physcial_damage_generated,True,0.5679,C:\Users\BALU\OneDrive\Desktop\solar_panel\dataset\PRoject\Physcial_damage_generated\Physical (30)_aug_8.jpg
Snow (48)_aug_3.jpg,Snow_covered_generated,Snow_covered_generated,True,0.9293,C:\Users\BALU\OneDrive\Desktop\solar_panel\dataset\PRoject\Snow_covered_generated\Snow (48)_aug_3.jpg
Electrical (40)_aug_3.jpg,Electrical_damage_generated,Electrical_damage_generated,True,0.9995,C:\Users\BALU\OneDrive\Desktop\solar_panel\dataset\PRoject\Electrical_damage_generated\Electrical (40)_aug_3.jpg
Bird (121)_aug_0.jpg,Bird_drop_generateds,Bird_drop_generateds,True,0.8524,C:\Users\BALU\OneDrive\Desktop\solar_panel\dataset\PRoject\Bird_drop_generateds\Bird (121)_aug_0.jpg
Snow (90)_aug_2.jpg,Snow_covered_generated,Snow_covered_generated,True,0.9994,C:\Users\BALU\OneDrive\Desktop\solar_panel\dataset\PRoject\Snow_covered_generated\Snow (90)_aug_2.jpg
Snow (29)_aug_2.jpg,Snow_covered_generated,Snow_covered_generated,True,0.9992,C:\Users\BALU\OneDrive\Desktop\solar_panel\dataset\PRoject\Snow_covered_generated\Snow (29)_aug_2.jpg
Imgclean_614_0.jpg,Clean,Clean,True,0.9406,C:\Users\BALU\OneDrive\Desktop\solar_panel\dataset\PRoject\Clean\Imgclean_614_0.jpg
Clean (155).jpg,Clean,Clean,True,0.8453,C:\Users\BALU\OneDrive\Desktop\solar_panel\dataset\PRoject\Clean\Clean (155).jpg
Bird (120)_aug_0.jpg,Bird_drop_generateds,Bird_drop_generateds,True,0.9982,C:\Users\BALU\OneDrive\Desktop\solar_panel\dataset\PRoject\Bird_drop_generateds\Bird (120)_aug_0.jpg
Physical (55)_aug_2.jpg,Physcial_damage_generated,Physcial_damage_generated,True,0.9738,C:\Users\BALU\OneDrive\Desktop\solar_panel\dataset\PRoject\Physcial_damage_generated\Physical (55)_aug_2.jpg
Imgclean_502_0.jpg,Clean,Clean,True,0.9879,C:\Users\BALU\OneDrive\Desktop\solar_panel\dataset\PRoject\Clean\Imgclean_502_0.jpg
Bird (136)_aug_3.jpg,Bird_drop_generateds,Bird_drop_generateds,True,0.9591,C:\Users\BALU\OneDrive\Desktop\solar_panel\dataset\PRoject\Bird_drop_generateds\Bird (136)_aug_3.jpg
snowcovered-solar-panels-on-rooftop-260nw-2586920795_aug_2.jpg,Snow_covered_generated,Snow_covered_generated,True,0.9989,C:\Users\BALU\OneDrive\Desktop\solar_panel\dataset\PRoject\Snow_covered_generated\snowcovered-solar-panels-on-rooftop-260nw-2586920795_aug_2.jpg
Imgclean_490_0.jpg,Clean,Clean,True,0.9755,C:\Users\BALU\OneDrive\Desktop\solar_panel\dataset\PRoject\Clean\Imgclean_490_0.jpg
Physical (37)_aug_2.jpg,Physcial_damage_generated,Physcial_damage_generated,True,0.9953,C:\Users\BALU\OneDrive\Desktop\solar_panel\dataset\PRoject\Physcial_damage_generated\Physical (37)_aug_2.jpg
Imgclean_837_0.jpg,Clean,Clean,True,0.9128,C:\Users\BALU\OneDrive\Desktop\solar_panel\dataset\PRoject\Clean\Imgclean_837_0.jpg
seagulls-rest-on-small-solar-260nw-2580646571_aug_4.jpg,Bird_drop_generateds,Bird_drop_generateds,True,0.9866,C:\Users\BALU\OneDrive\Desktop\solar_panel\dataset\PRoject\Bird_drop_generateds\seagulls-rest-on-small-solar-260nw-2580646571_aug_4.jpg
Imgclean_1167_0.jpg,Clean,Clean,True,0.9987,C:\Users\BALU\OneDrive\Desktop\solar_panel\dataset\PRoject\Clean\Imgclean_1167_0.jpg
Physical (66)_aug_9.jpg,Physcial_damage_generated,Dusty,False,0.7779,C:\Users\BALU\OneDrive\Desktop\solar_panel\dataset\PRoject\Physcial_damage_generated\Physical (66)_aug_9.jpg
detailed-view-broken-solar-panel-260nw-2595952215_aug_9.jpg,Physcial_damage_generated,Physcial_damage_generated,True,1.0,C:\Users\BALU\OneDrive\Desktop\solar_panel\dataset\PRoject\Physcial_damage_generated\detailed-view-broken-solar-panel-260nw-2595952215_aug_9.jpg
Electrical (55)_aug_3 - Copy.jpg,Electrical_damage_generated,Electrical_damage_generated,True,0.9739,C:\Users\BALU\OneDrive\Desktop\solar_panel\dataset\PRoject\Electrical_damage_generated\Electrical (55)_aug_3 - Copy.jpg
dirty-rooftop-solar-panels-covered-260nw-2513450821_aug_0.jpg,Bird_drop_generateds,Bird_drop_generateds,True,0.9944,C:\Users\BALU\OneDrive\Desktop\solar_panel\dataset\PRoject\Bird_drop_generateds\dirty-rooftop-solar-panels-covered-260nw-2513450821_aug_0.jpg
Electrical (63)_aug_3.jpg,Electrical_damage_generated,Electrical_damage_generated,True,0.9682,C:\Users\BALU\OneDrive\Desktop\solar_panel\dataset\PRoject\Electrical_damage_generated\Electrical (63)_aug_3.jpg
Imgdirty_320_1.jpg,Dusty,Dusty,True,0.9904,C:\Users\BALU\OneDrive\Desktop\solar_panel\dataset\PRoject\Dusty\Imgdirty_320_1.jpg
Bird (144)_aug_0.jpg,Bird_drop_generateds,Bird_drop_generateds,True,0.8343,C:\Users\BALU\OneDrive\Desktop\solar_panel\dataset\PRoject\Bird_drop_generateds\Bird (144)_aug_0.jpg
Dust (104).jpg,Dusty,Dusty,True,0.7494,C:\Users\BALU\OneDrive\Desktop\solar_panel\dataset\PRoject\Dusty\Dust (104).jpg
dirty-rooftop-solar-panels-covered-260nw-2504133763 (1)_aug_4.jpg,Bird_drop_generateds,Bird_drop_generateds,True,0.9976,C:\Users\BALU\OneDrive\Desktop\solar_panel\dataset\PRoject\Bird_drop_generateds\dirty-rooftop-solar-panels-covered-260nw-2504133763 (1)_aug_4.jpg
Bird (184)_aug_0.jpg,Bird_drop_generateds,Bird_drop_generateds,True,0.9668,C:\Users\BALU\OneDrive\Desktop\solar_panel\dataset\PRoject\Bird_drop_generateds\Bird (184)_aug_0.jpg
Imgclean_1328_0.jpg,Clean,Dusty,False,0.8889,C:\Users\BALU\OneDrive\Desktop\solar_panel\dataset\PRoject\Clean\Imgclean_1328_0.jpg
Snow (57)_aug_3.jpg,Snow_covered_generated,Snow_covered_generated,True,1.0,C:\Users\BALU\OneDrive\Desktop\solar_panel\dataset\PRoject\Snow_covered_generated\Snow (57)_aug_3.jpg
Bird (9)_aug_0.jpg,Bird_drop_generateds,Bird_drop_generateds,True,0.9742,C:\Users\BALU\OneDrive\Desktop\solar_panel\dataset\PRoject\Bird_drop_generateds\Bird (9)_aug_0.jpg
dirty-rooftop-solar-panels-covered-260nw-2497687691_aug_2.jpg,Bird_drop_generateds,Bird_drop_generateds,True,0.9991,C:\Users\BALU\OneDrive\Desktop\solar_panel\dataset\PRoject\Bird_drop_generateds\dirty-rooftop-solar-panels-covered-260nw-2497687691_aug_2.jpg
Electrical (38)_aug_3 - Copy.jpg,Electrical_damage_generated,Electrical_damage_generated,True,0.9935,C:\Users\BALU\OneDrive\Desktop\solar_panel\dataset\PRoject\Electrical_damage_generated\Electrical (38)_aug_3 - Copy.jpg
Electrical (39)_aug_2 - Copy.jpg,Electrical_damage_generated,Electrical_damage_generated,True,1.0,C:\Users\BALU\OneDrive\Desktop\solar_panel\dataset\PRoject\Electrical_damage_generated\Electrical (39)_aug_2 - Copy.jpg
Imgclean_1467_0.jpg,Clean,Clean,True,0.8773,C:\Users\BALU\OneDrive\Desktop\solar_panel\dataset\PRoject\Clean\Imgclean_1467_0.jpg
snowcovered-solar-panels-on-rooftop-260nw-2586920765_aug_0.jpg,Snow_covered_generated,Snow_covered_generated,True,0.9998,C:\Users\BALU\OneDrive\Desktop\solar_panel\dataset\PRoject\Snow_covered_generated\snowcovered-solar-panels-on-rooftop-260nw-2586920765_aug_0.jpg
Imgclean_942_0.jpg,Clean,Dusty,False,0.5639,C:\Users\BALU\OneDrive\Desktop\solar_panel\dataset\PRoject\Clean\Imgclean_942_0.jpg
solar-panels-winter-house-roof-260nw-2574874937_aug_2.jpg,Snow_covered_generated,Snow_covered_generated,True,0.9823,C:\Users\BALU\OneDrive\Desktop\solar_panel\dataset\PRoject\Snow_covered_generated\solar-panels-winter-house-roof-260nw-2574874937_aug_2.jpg
snowcovered-solar-panels-during-cold-260nw-2586069141_aug_1.jpg,Snow_covered_generated,Snow_covered_generated,True,0.9397,C:\Users\BALU\OneDrive\Desktop\solar_panel\dataset\PRoject\Snow_covered_generated\snowcovered-solar-panels-during-cold-260nw-2586069141_aug_1.jpg
Imgclean_709_0.jpg,Clean,Clean,True,0.7916,C:\Users\BALU\OneDrive\Desktop\solar_panel\dataset\PRoject\Clean\Imgclean_709_0.jpg
Bird (71)_aug_3.jpg,Bird_drop_generateds,Bird_drop_generateds,True,0.8065,C:\Users\BALU\OneDrive\Desktop\solar_panel\dataset\PRoject\Bird_drop_generateds\Bird (71)_aug_3.jpg
Bird (162)_aug_1.jpg,Bird_drop_generateds,Bird_drop_generateds,True,0.4503,C:\Users\BALU\OneDrive\Desktop\solar_panel\dataset\PRoject\Bird_drop_generateds\Bird (162)_aug_1.jpg
Electrical (22)_aug_1.jpg,Electrical_damage_generated,Electrical_damage_generated,True,0.9982,C:\Users\BALU\OneDrive\Desktop\solar_panel\dataset\PRoject\Electrical_damage_generated\Electrical (22)_aug_1.jpg
seagulls-rest-on-small-solar-260nw-2580646571_aug_1.jpg,Bird_drop_generateds,Bird_drop_generateds,True,0.9856,C:\Users\BALU\OneDrive\Desktop\solar_panel\dataset\PRoject\Bird_drop_generateds\seagulls-rest-on-small-solar-260nw-2580646571_aug_1.jpg
Imgclean_933_0.jpg,Clean,Clean,True,0.9278,C:\Users\BALU\OneDrive\Desktop\solar_panel\dataset\PRoject\Clean\Imgclean_933_0.jpg
Imgclean_653_0.jpg,Clean,Clean,True,0.8895,C:\Users\BALU\OneDrive\Desktop\solar_panel\dataset\PRoject\Clean\Imgclean_653_0.jpg
Imgclean_451_0.jpg,Clean,Clean,True,0.9734,C:\Users\BALU\OneDrive\Desktop\solar_panel\dataset\PRoject\Clean\Imgclean_451_0.jpg
Physical (36)_aug_9.jpg,Physcial_damage_generated,Physcial_damage_generated,True,0.9996,C:\Users\BALU\OneDrive\Desktop\solar_panel\dataset\PRoject\Physcial_damage_generated\Physical (36)_aug_9.jpg
Imgdirty_84_1.jpg,Dusty,Dusty,True,0.9977,C:\Users\BALU\OneDrive\Desktop\solar_panel\dataset\PRoject\Dusty\Imgdirty_84_1.jpg
Imgclean_1083_0.jpg,Clean,Clean,True,0.9616,C:\Users\BALU\OneDrive\Desktop\solar_panel\dataset\PRoject\Clean\Imgclean_1083_0.jpg
Bird (162)_aug_2.jpg,Bird_drop_generateds,Dusty,False,0.6753,C:\Users\BALU\OneDrive\Desktop\solar_panel\dataset\PRoject\Bird_drop_generateds\Bird (162)_aug_2.jpg
Electrical (30)_aug_1.jpg,Electrical_damage_generated,Electrical_damage_generated,True,0.9598,C:\Users\BALU\OneDrive\Desktop\solar_panel\dataset\PRoject\Electrical_damage_generated\Electrical (30)_aug_1.jpg
consequences-natural-disaster-damaged-by-260nw-2363528873_aug_9.jpg,Physcial_damage_generated,Physcial_damage_generated,True,0.9996,C:\Users\BALU\OneDrive\Desktop\solar_panel\dataset\PRoject\Physcial_damage_generated\consequences-natural-disaster-damaged-by-260nw-2363528873_aug_9.jpg
Physical (3)_aug_4.jpg,Physcial_damage_generated,Physcial_damage_generated,True,0.9999,C:\Users\BALU\OneDrive\Desktop\solar_panel\dataset\PRoject\Physcial_damage_generated\Physical (3)_aug_4.jpg
Imgclean_1153_0.jpg,Clean,Clean,True,0.9557,C:\Users\BALU\OneDrive\Desktop\solar_panel\dataset\PRoject\Clean\Imgclean_1153_0.jpg
Physical (31)_aug_5.jpg,Physcial_damage_generated,Physcial_damage_generated,True,0.9979,C:\Users\BALU\OneDrive\Desktop\solar_panel\dataset\PRoject\Physcial_damage_generated\Physical (31)_aug_5.jpg
Imgdirty_381_1.jpg,Dusty,Dusty,True,0.9198,C:\Users\BALU\OneDrive\Desktop\solar_panel\dataset\PRoject\Dusty\Imgdirty_381_1.jpg
Imgclean_1373_0.jpg,Clean,Dusty,False,0.7198,C:\Users\BALU\OneDrive\Desktop\solar_panel\dataset\PRoject\Clean\Imgclean_1373_0.jpg
upward-view-modern-solar-panels-260nw-2574050455_aug_4.jpg,Snow_covered_generated,Snow_covered_generated,True,0.9846,C:\Users\BALU\OneDrive\Desktop\solar_panel\dataset\PRoject\Snow_covered_generated\upward-view-modern-solar-panels-260nw-2574050455_aug_4.jpg
Physical (3)_aug_0.jpg,Physcial_damage_generated,Physcial_damage_generated,True,0.9999,C:\Users\BALU\OneDrive\Desktop\solar_panel\dataset\PRoject\Physcial_damage_generated\Physical (3)_aug_0.jpg
Imgdirty_771_1.jpg,Dusty,Dusty,True,0.9491,C:\Users\BALU\OneDrive\Desktop\solar_panel\dataset\PRoject\Dusty\Imgdirty_771_1.jpg
Imgclean_1340_0.jpg,Clean,Clean,True,0.9502,C:\Users\BALU\OneDrive\Desktop\solar_panel\dataset\PRoject\Clean\Imgclean_1340_0.jpg
Imgclean_344_0.jpg,Clean,Clean,True,0.9376,C:\Users\BALU\OneDrive\Desktop\solar_panel\dataset\PRoject\Clean\Imgclean_344_0.jpg
broken-destroyed-cracked-hole-solar-260nw-2216617723_aug_6.jpg,Physcial_damage_generated,Physcial_damage_generated,True,0.9992,C:\Users\BALU\OneDrive\Desktop\solar_panel\dataset\PRoject\Physcial_damage_generated\broken-destroyed-cracked-hole-solar-260nw-2216617723_aug_6.jpg
Physical (2)_aug_5.jpg,Physcial_damage_generated,Physcial_damage_generated,True,0.9602,C:\Users\BALU\OneDrive\Desktop\solar_panel\dataset\PRoject\Physcial_damage_generated\Physical (2)_aug_5.jpg
Imgdirty_1017_1.jpg,Dusty,Dusty,True,0.9992,C:\Users\BALU\OneDrive\Desktop\solar_panel\dataset\PRoject\Dusty\Imgdirty_1017_1.jpg
Physical (21)_aug_4.jpg,Physcial_damage_generated,Physcial_damage_generated,True,1.0,C:\Users\BALU\OneDrive\Desktop\solar_panel\dataset\PRoject\Physcial_damage_generated\Physical (21)_aug_4.jpg
Bird (68)_aug_1.jpg,Bird_drop_generateds,Bird_drop_generateds,True,0.7144,C:\Users\BALU\OneDrive\Desktop\solar_panel\dataset\PRoject\Bird_drop_generateds\Bird (68)_aug_1.jpg
ground-structure-solar-panels-severely-260nw-2601925157_aug_1.jpg,Physcial_damage_generated,Physcial_damage_generated,True,0.734,C:\Users\BALU\OneDrive\Desktop\solar_panel\dataset\PRoject\Physcial_damage_generated\ground-structure-solar-panels-severely-260nw-2601925157_aug_1.jpg
Imgdirty_979_1.jpg,Dusty,Dusty,True,0.8649,C:\Users\BALU\OneDrive\Desktop\solar_panel\dataset\PRoject\Dusty\Imgdirty_979_1.jpg
Bird (44)_aug_0.jpg,Bird_drop_generateds,Bird_drop_generateds,True,0.983,C:\Users\BALU\OneDrive\Desktop\solar_panel\dataset\PRoject\Bird_drop_generateds\Bird (44)_aug_0.jpg
dirty-rooftop-solar-panels-covered-260nw-2513450821_aug_3.jpg,Bird_drop_generateds,Bird_drop_generateds,True,0.9848,C:\Users\BALU\OneDrive\Desktop\solar_panel\dataset\PRoject\Bird_drop_generateds\dirty-rooftop-solar-panels-covered-260nw-2513450821_aug_3.jpg
Physical (4)_aug_8.jpg,Physcial_damage_generated,Physcial_damage_generated,True,0.999,C:\Users\BALU\OneDrive\Desktop\solar_panel\dataset\PRoject\Physcial_damage_generated\Physical (4)_aug_8.jpg
dirty-rooftop-solar-panels-covered-260nw-2497687685_aug_2.jpg,Bird_drop_generateds,Bird_drop_generateds,True,0.9856,C:\Users\BALU\OneDrive\Desktop\solar_panel\dataset\PRoject\Bird_drop_generateds\dirty-rooftop-solar-panels-covered-260nw-2497687685_aug_2.jpg
snowcovered-solar-panels-on-rooftop-260nw-2586920747_aug_0.jpg,Snow_covered_generated,Snow_covered_generated,True,0.9962,C:\Users\BALU\OneDrive\Desktop\solar_panel\dataset\PRoject\Snow_covered_generated\snowcovered-solar-panels-on-rooftop-260nw-2586920747_aug_0.jpg
Imgclean_1291_0.jpg,Clean,Clean,True,0.9824,C:\Users\BALU\OneDrive\Desktop\solar_panel\dataset\PRoject\Clean\Imgclean_1291_0.jpg
Electrical (53)_aug_2 - Copy.jpg,Electrical_damage_generated,Electrical_damage_generated,True,0.497,C:\Users\BALU\OneDrive\Desktop\solar_panel\dataset\PRoject\Electrical_damage_generated\Electrical (53)_aug_2 - Copy.jpg
Imgclean_437_0.jpg,Clean,Clean,True,0.8652,C:\Users\BALU\OneDrive\Desktop\solar_panel\dataset\PRoject\Clean\Imgclean_437_0.jpg
Imgdirty_479_1.jpg,Dusty,Dusty,True,0.525,C:\Users\BALU\OneDrive\Desktop\solar_panel\dataset\PRoject\Dusty\Imgdirty_479_1.jpg
Bird (134)_aug_1.jpg,Bird_drop_generateds,Bird_drop_generateds,True,0.992,C:\Users\BALU\OneDrive\Desktop\solar_panel\dataset\PRoject\Bird_drop_generateds\Bird (134)_aug_1.jpg
Imgclean_1477_0.jpg,Clean,Clean,True,0.9945,C:\Users\BALU\OneDrive\Desktop\solar_panel\dataset\PRoject\Clean\Imgclean_1477_0.jpg
Imgdirty_22_1.jpg,Dusty,Dusty,True,0.9746,C:\Users\BALU\OneDrive\Desktop\solar_panel\dataset\PRoject\Dusty\Imgdirty_22_1.jpg
Bird (39)_aug_3.jpg,Bird_drop_generateds,Bird_drop_generateds,True,0.9876,C:\Users\BALU\OneDrive\Desktop\solar_panel\dataset\PRoject\Bird_drop_generateds\Bird (39)_aug_3.jpg
Bird (90)_aug_1.jpg,Bird_drop_generateds,Bird_drop_generateds,True,0.7273,C:\Users\BALU\OneDrive\Desktop\solar_panel\dataset\PRoject\Bird_drop_generateds\Bird (90)_aug_1.jpg
Imgclean_1140_0.jpg,Clean,Clean,True,0.9543,C:\Users\BALU\OneDrive\Desktop\solar_panel\dataset\PRoject\Clean\Imgclean_1140_0.jpg
Imgdirty_738_1.jpg,Dusty,Dusty,True,0.7999,C:\Users\BALU\OneDrive\Desktop\solar_panel\dataset\PRoject\Dusty\Imgdirty_738_1.jpg
Imgdirty_969_1.jpg,Dusty,Clean,False,0.5534,C:\Users\BALU\OneDrive\Desktop\solar_panel\dataset\PRoject\Dusty\Imgdirty_969_1.jpg
Imgclean_171_0.jpg,Clean,Clean,True,0.9691,C:\Users\BALU\OneDrive\Desktop\solar_panel\dataset\PRoject\Clean\Imgclean_171_0.jpg
Electrical (99)_aug_0 - Copy.jpg,Electrical_damage_generated,Electrical_damage_generated,True,0.7844,C:\Users\BALU\OneDrive\Desktop\solar_panel\dataset\PRoject\Electrical_damage_generated\Electrical (99)_aug_0 - Copy.jpg
Snow (103)_aug_1.jpg,Snow_covered_generated,Snow_covered_generated,True,0.9983,C:\Users\BALU\OneDrive\Desktop\solar_panel\dataset\PRoject\Snow_covered_generated\Snow (103)_aug_1.jpg
top-view-destroyed-by-hurricane-260nw-2443929751_aug_5.jpg,Physcial_damage_generated,Physcial_damage_generated,True,0.9858,C:\Users\BALU\OneDrive\Desktop\solar_panel\dataset\PRoject\Physcial_damage_generated\top-view-destroyed-by-hurricane-260nw-2443929751_aug_5.jpg
Electrical (37)_aug_2 - Copy.jpg,Electrical_damage_generated,Electrical_damage_generated,True,0.9934,C:\Users\BALU\OneDrive\Desktop\solar_panel\dataset\PRoject\Electrical_damage_generated\Electrical (37)_aug_2 - Copy.jpg
Electrical (14)_aug_3 - Copy.jpg,Electrical_damage_generated,Electrical_damage_generated,True,0.9964,C:\Users\BALU\OneDrive\Desktop\solar_panel\dataset\PRoject\Electrical_damage_generated\Electrical (14)_aug_3 - Copy.jpg
solar-panels-covered-snow-winter-260nw-2421561753_aug_1.jpg,Snow_covered_generated,Snow_covered_generated,True,0.9965,C:\Users\BALU\OneDrive\Desktop\solar_panel\dataset\PRoject\Snow_covered_generated\solar-panels-covered-snow-winter-260nw-2421561753_aug_1.jpg
Bird (120)_aug_2.jpg,Bird_drop_generateds,Bird_drop_generateds,True,0.9983,C:\Users\BALU\OneDrive\Desktop\solar_panel\dataset\PRoject\Bird_drop_generateds\Bird (120)_aug_2.jpg
Snow (108)_aug_1.jpg,Snow_covered_generated,Clean,False,0.6861,C:\Users\BALU\OneDrive\Desktop\solar_panel\dataset\PRoject\Snow_covered_generated\Snow (108)_aug_1.jpg
Bird (100)_aug_1.jpg,Bird_drop_generateds,Bird_drop_generateds,True,0.7447,C:\Users\BALU\OneDrive\Desktop\solar_panel\dataset\PRoject\Bird_drop_generateds\Bird (100)_aug_1.jpg
Imgdirty_184_1.jpg,Dusty,Clean,False,0.5669,C:\Users\BALU\OneDrive\Desktop\solar_panel\dataset\PRoject\Dusty\Imgdirty_184_1.jpg
Imgclean_569_0.jpg,Clean,Clean,True,0.9622,C:\Users\BALU\OneDrive\Desktop\solar_panel\dataset\PRoject\Clean\Imgclean_569_0.jpg
Imgclean_302_0.jpg,Clean,Clean,True,0.9894,C:\Users\BALU\OneDrive\Desktop\solar_panel\dataset\PRoject\Clean\Imgclean_302_0.jpg
Imgclean_1188_0.jpg,Clean,Clean,True,0.9979,C:\Users\BALU\OneDrive\Desktop\solar_panel\dataset\PRoject\Clean\Imgclean_1188_0.jpg
solar-panels-row-covered-snow-260nw-2456251441_aug_3.jpg,Snow_covered_generated,Snow_covered_generated,True,0.9935,C:\Users\BALU\OneDrive\Desktop\solar_panel\dataset\PRoject\Snow_covered_generated\solar-panels-row-covered-snow-260nw-2456251441_aug_3.jpg
Imgdirty_271_1.jpg,Dusty,Dusty,True,0.739,C:\Users\BALU\OneDrive\Desktop\solar_panel\dataset\PRoject\Dusty\Imgdirty_271_1.jpg
ground-structure-solar-panels-severely-260nw-2601925157_aug_6.jpg,Physcial_damage_generated,Physcial_damage_generated,True,0.834,C:\Users\BALU\OneDrive\Desktop\solar_panel\dataset\PRoject\Physcial_damage_generated\ground-structure-solar-panels-severely-260nw-2601925157_aug_6.jpg
Imgdirty_237_1.jpg,Dusty,Dusty,True,0.8874,C:\Users\BALU\OneDrive\Desktop\solar_panel\dataset\PRoject\Dusty\Imgdirty_237_1.jpg
Bird (74)_aug_1.jpg,Bird_drop_generateds,Bird_drop_generateds,True,0.9749,C:\Users\BALU\OneDrive\Desktop\solar_panel\dataset\PRoject\Bird_drop_generateds\Bird (74)_aug_1.jpg
Imgdirty_637_1.jpg,Dusty,Dusty,True,0.9856,C:\Users\BALU\OneDrive\Desktop\solar_panel\dataset\PRoject\Dusty\Imgdirty_637_1.jpg
Electrical (57)_aug_4 - Copy.jpg,Electrical_damage_generated,Electrical_damage_generated,True,0.9998,C:\Users\BALU\OneDrive\Desktop\solar_panel\dataset\PRoject\Electrical_damage_generated\Electrical (57)_aug_4 - Copy.jpg
Dust (164).jpg,Dusty,Dusty,True,0.9962,C:\Users\BALU\OneDrive\Desktop\solar_panel\dataset\PRoject\Dusty\Dust (164).jpg
Snow (14)_aug_0.jpg,Snow_covered_generated,Snow_covered_generated,True,1.0,C:\Users\BALU\OneDrive\Desktop\solar_panel\dataset\PRoject\Snow_covered_generated\Snow (14)_aug_0.jpg
Electrical (28)_aug_2 - Copy.jpg,Electrical_damage_generated,Electrical_damage_generated,True,0.9987,C:\Users\BALU\OneDrive\Desktop\solar_panel\dataset\PRoject\Electrical_damage_generated\Electrical (28)_aug_2 - Copy.jpg
snowcovered-solar-panels-during-cold-260nw-2581869915_aug_3.jpg,Snow_covered_generated,Snow_covered_generated,True,0.9967,C:\Users\BALU\OneDrive\Desktop\solar_panel\dataset\PRoject\Snow_covered_generated\snowcovered-solar-panels-during-cold-260nw-2581869915_aug_3.jpg
Imgclean_1458_0.jpg,Clean,Dusty,False,0.9397,C:\Users\BALU\OneDrive\Desktop\solar_panel\dataset\PRoject\Clean\Imgclean_1458_0.jpg
Imgdirty_697_1.jpg,Dusty,Dusty,True,0.9935,C:\Users\BALU\OneDrive\Desktop\solar_panel\dataset\PRoject\Dusty\Imgdirty_697_1.jpg
broken-destroyed-cracked-hole-solar-260nw-2216617717_aug_3.jpg,Physcial_damage_generated,Physcial_damage_generated,True,1.0,C:\Users\BALU\OneDrive\Desktop\solar_panel\dataset\PRoject\Physcial_damage_generated\broken-destroyed-cracked-hole-solar-260nw-2216617717_aug_3.jpg
Electrical (42)_aug_1.jpg,Electrical_damage_generated,Electrical_damage_generated,True,0.9977,C:\Users\BALU\OneDrive\Desktop\solar_panel\dataset\PRoject\Electrical_damage_generated\Electrical (42)_aug_1.jpg
Bird (183)_aug_3.jpg,Bird_drop_generateds,Bird_drop_generateds,True,0.877,C:\Users\BALU\OneDrive\Desktop\solar_panel\dataset\PRoject\Bird_drop_generateds\Bird (183)_aug_3.jpg
Snow (66)_aug_3.jpg,Snow_covered_generated,Snow_covered_generated,True,0.9993,C:\Users\BALU\OneDrive\Desktop\solar_panel\dataset\PRoject\Snow_covered_generated\Snow (66)_aug_3.jpg
Imgdirty_406_1.jpg,Dusty,Dusty,True,0.9992,C:\Users\BALU\OneDrive\Desktop\solar_panel\dataset\PRoject\Dusty\Imgdirty_406_1.jpg
Imgclean_641_0.jpg,Clean,Clean,True,0.8493,C:\Users\BALU\OneDrive\Desktop\solar_panel\dataset\PRoject\Clean\Imgclean_641_0.jpg
Bird (137)_aug_3.jpg,Bird_drop_generateds,Bird_drop_generateds,True,0.9973,C:\Users\BALU\OneDrive\Desktop\solar_panel\dataset\PRoject\Bird_drop_generateds\Bird (137)_aug_3.jpg
Imgdirty_138_1.jpg,Dusty,Dusty,True,0.8467,C:\Users\BALU\OneDrive\Desktop\solar_panel\dataset\PRoject\Dusty\Imgdirty_138_1.jpg
bird-droppings-ran-stripe-over-260nw-2526363093_aug_3.jpg,Bird_drop_generateds,Bird_drop_generateds,True,0.8208,C:\Users\BALU\OneDrive\Desktop\solar_panel\dataset\PRoject\Bird_drop_generateds\bird-droppings-ran-stripe-over-260nw-2526363093_aug_3.jpg
Imgdirty_226_1.jpg,Dusty,Dusty,True,0.663,C:\Users\BALU\OneDrive\Desktop\solar_panel\dataset\PRoject\Dusty\Imgdirty_226_1.jpg
Snow (90)_aug_1.jpg,Snow_covered_generated,Snow_covered_generated,True,0.9981,C:\Users\BALU\OneDrive\Desktop\solar_panel\dataset\PRoject\Snow_covered_generated\Snow (90)_aug_1.jpg
snowcovered-solar-panels-on-rooftop-260nw-2586920767_aug_4.jpg,Snow_covered_generated,Snow_covered_generated,True,0.9999,C:\Users\BALU\OneDrive\Desktop\solar_panel\dataset\PRoject\Snow_covered_generated\snowcovered-solar-panels-on-rooftop-260nw-2586920767_aug_4.jpg
dirty-rooftop-solar-panels-covered-260nw-2503997003 (1)_aug_3.jpg,Bird_drop_generateds,Bird_drop_generateds,True,0.9587,C:\Users\BALU\OneDrive\Desktop\solar_panel\dataset\PRoject\Bird_drop_generateds\dirty-rooftop-solar-panels-covered-260nw-2503997003 (1)_aug_3.jpg
Snow (91)_aug_3.jpg,Snow_covered_generated,Snow_covered_generated,True,0.9039,C:\Users\BALU\OneDrive\Desktop\solar_panel\dataset\PRoject\Snow_covered_generated\Snow (91)_aug_3.jpg
Imgdirty_823_1.jpg,Dusty,Dusty,True,0.9913,C:\Users\BALU\OneDrive\Desktop\solar_panel\dataset\PRoject\Dusty\Imgdirty_823_1.jpg
Physical (13)_aug_9.jpg,Physcial_damage_generated,Physcial_damage_generated,True,0.8888,C:\Users\BALU\OneDrive\Desktop\solar_panel\dataset\PRoject\Physcial_damage_generated\Physical (13)_aug_9.jpg
Imgclean_382_0.jpg,Clean,Clean,True,0.9641,C:\Users\BALU\OneDrive\Desktop\solar_panel\dataset\PRoject\Clean\Imgclean_382_0.jpg
Imgclean_201_0.jpg,Clean,Clean,True,0.9606,C:\Users\BALU\OneDrive\Desktop\solar_panel\dataset\PRoject\Clean\Imgclean_201_0.jpg
Electrical (61)_aug_1.jpg,Electrical_damage_generated,Electrical_damage_generated,True,0.9974,C:\Users\BALU\OneDrive\Desktop\solar_panel\dataset\PRoject\Electrical_damage_generated\Electrical (61)_aug_1.jpg
broken-destroyed-cracked-hole-solar-260nw-2223580523_aug_7.jpg,Physcial_damage_generated,Physcial_damage_generated,True,1.0,C:\Users\BALU\OneDrive\Desktop\solar_panel\dataset\PRoject\Physcial_damage_generated\broken-destroyed-cracked-hole-solar-260nw-2223580523_aug_7.jpg
Clean (20).jpg,Clean,Clean,True,0.6815,C:\Users\BALU\OneDrive\Desktop\solar_panel\dataset\PRoject\Clean\Clean (20).jpg
Bird (102)_aug_3.jpg,Bird_drop_generateds,Bird_drop_generateds,True,0.994,C:\Users\BALU\OneDrive\Desktop\solar_panel\dataset\PRoject\Bird_drop_generateds\Bird (102)_aug_3.jpg
solar-panels-covered-snow-during-260nw-2415203921_aug_3.jpg,Snow_covered_generated,Snow_covered_generated,True,0.7492,C:\Users\BALU\OneDrive\Desktop\solar_panel\dataset\PRoject\Snow_covered_generated\solar-panels-covered-snow-during-260nw-2415203921_aug_3.jpg
dirty-rooftop-solar-panels-covered-260nw-2497558785_aug_3.jpg,Bird_drop_generateds,Bird_drop_generateds,True,0.9843,C:\Users\BALU\OneDrive\Desktop\solar_panel\dataset\PRoject\Bird_drop_generateds\dirty-rooftop-solar-panels-covered-260nw-2497558785_aug_3.jpg
Imgclean_740_0.jpg,Clean,Clean,True,0.9993,C:\Users\BALU\OneDrive\Desktop\solar_panel\dataset\PRoject\Clean\Imgclean_740_0.jpg
Physical (21)_aug_7.jpg,Physcial_damage_generated,Physcial_damage_generated,True,0.9973,C:\Users\BALU\OneDrive\Desktop\solar_panel\dataset\PRoject\Physcial_damage_generated\Physical (21)_aug_7.jpg
Electrical (50)_aug_0 - Copy.jpg,Electrical_damage_generated,Electrical_damage_generated,True,0.9999,C:\Users\BALU\OneDrive\Desktop\solar_panel\dataset\PRoject\Electrical_damage_generated\Electrical (50)_aug_0 - Copy.jpg
Electrical (93)_aug_4.jpg,Electrical_damage_generated,Electrical_damage_generated,True,0.9994,C:\Users\BALU\OneDrive\Desktop\solar_panel\dataset\PRoject\Electrical_damage_generated\Electrical (93)_aug_4.jpg
dirty-rooftop-solar-panels-covered-260nw-2513450821 (1)_aug_2.jpg,Bird_drop_generateds,Bird_drop_generateds,True,0.9962,C:\Users\BALU\OneDrive\Desktop\solar_panel\dataset\PRoject\Bird_drop_generateds\dirty-rooftop-solar-panels-covered-260nw-2513450821 (1)_aug_2.jpg
Physical (65)_aug_7.jpg,Physcial_damage_generated,Physcial_damage_generated,True,0.9118,C:\Users\BALU\OneDrive\Desktop\solar_panel\dataset\PRoject\Physcial_damage_generated\Physical (65)_aug_7.jpg
rooftop-installation-vertical-solar-panels-260nw-2464480507_aug_0.jpg,Snow_covered_generated,Snow_covered_generated,True,0.8456,C:\Users\BALU\OneDrive\Desktop\solar_panel\dataset\PRoject\Snow_covered_generated\rooftop-installation-vertical-solar-panels-260nw-2464480507_aug_0.jpg
4_aug_3.jpg,Bird_drop_generateds,Bird_drop_generateds,True,0.9876,C:\Users\BALU\OneDrive\Desktop\solar_panel\dataset\PRoject\Bird_drop_generateds\4_aug_3.jpg
Clean (134).jpg,Clean,Clean,True,0.9907,C:\Users\BALU\OneDrive\Desktop\solar_panel\dataset\PRoject\Clean\Clean (134).jpg
Imgclean_563_0.jpg,Clean,Clean,True,0.9586,C:\Users\BALU\OneDrive\Desktop\solar_panel\dataset\PRoject\Clean\Imgclean_563_0.jpg
dirty-rooftop-solar-panels-covered-260nw-2496296819 (1)_aug_4.jpg,Bird_drop_generateds,Bird_drop_generateds,True,0.9936,C:\Users\BALU\OneDrive\Desktop\solar_panel\dataset\PRoject\Bird_drop_generateds\dirty-rooftop-solar-panels-covered-260nw-2496296819 (1)_aug_4.jpg
Bird (69)_aug_3.jpg,Bird_drop_generateds,Bird_drop_generateds,True,0.9595,C:\Users\BALU\OneDrive\Desktop\solar_panel\dataset\PRoject\Bird_drop_generateds\Bird (69)_aug_3.jpg
Bird (101)_aug_3.jpg,Bird_drop_generateds,Bird_drop_generateds,True,0.6739,C:\Users\BALU\OneDrive\Desktop\solar_panel\dataset\PRoject\Bird_drop_generateds\Bird (101)_aug_3.jpg
Imgclean_452_0.jpg,Clean,Clean,True,0.7534,C:\Users\BALU\OneDrive\Desktop\solar_panel\dataset\PRoject\Clean\Imgclean_452_0.jpg
16_aug_4.jpg,Bird_drop_generateds,Clean,False,0.5534,C:\Users\BALU\OneDrive\Desktop\solar_panel\dataset\PRoject\Bird_drop_generateds\16_aug_4.jpg
Physical (19)_aug_6.jpg,Physcial_damage_generated,Physcial_damage_generated,True,0.9991,C:\Users\BALU\OneDrive\Desktop\solar_panel\dataset\PRoject\Physcial_damage_generated\Physical (19)_aug_6.jpg
Electrical (27)_aug_1 - Copy.jpg,Electrical_damage_generated,Electrical_damage_generated,True,1.0,C:\Users\BALU\OneDrive\Desktop\solar_panel\dataset\PRoject\Electrical_damage_generated\Electrical (27)_aug_1 - Copy.jpg
Snow (85)_aug_0.jpg,Snow_covered_generated,Snow_covered_generated,True,1.0,C:\Users\BALU\OneDrive\Desktop\solar_panel\dataset\PRoject\Snow_covered_generated\Snow (85)_aug_0.jpg
Imgclean_364_0.jpg,Clean,Clean,True,0.8172,C:\Users\BALU\OneDrive\Desktop\solar_panel\dataset\PRoject\Clean\Imgclean_364_0.jpg
hurricane-wind-damage-solar-panels-260nw-2335015635_aug_2.jpg,Physcial_damage_generated,Physcial_damage_generated,True,0.9871,C:\Users\BALU\OneDrive\Desktop\solar_panel\dataset\PRoject\Physcial_damage_generated\hurricane-wind-damage-solar-panels-260nw-2335015635_aug_2.jpg
Electrical (10)_aug_4 - Copy.jpg,Electrical_damage_generated,Electrical_damage_generated,True,0.9688,C:\Users\BALU\OneDrive\Desktop\solar_panel\dataset\PRoject\Electrical_damage_generated\Electrical (10)_aug_4 - Copy.jpg
dirty-rooftop-solar-panels-covered-260nw-2503500091 (1)_aug_1.jpg,Bird_drop_generateds,Bird_drop_generateds,True,0.997,C:\Users\BALU\OneDrive\Desktop\solar_panel\dataset\PRoject\Bird_drop_generateds\dirty-rooftop-solar-panels-covered-260nw-2503500091 (1)_aug_1.jpg
Imgdirty_897_1.jpg,Dusty,Physcial_damage_generated,False,0.5168,C:\Users\BALU\OneDrive\Desktop\solar_panel\dataset\PRoject\Dusty\Imgdirty_897_1.jpg
Imgdirty_262_1.jpg,Dusty,Dusty,True,0.5367,C:\Users\BALU\OneDrive\Desktop\solar_panel\dataset\PRoject\Dusty\Imgdirty_262_1.jpg
Bird (132)_aug_4.jpg,Bird_drop_generateds,Bird_drop_generateds,True,0.997,C:\Users\BALU\OneDrive\Desktop\solar_panel\dataset\PRoject\Bird_drop_generateds\Bird (132)_aug_4.jpg
Physical (44)_aug_7.jpg,Physcial_damage_generated,Physcial_damage_generated,True,0.9981,C:\Users\BALU\OneDrive\Desktop\solar_panel\dataset\PRoject\Physcial_damage_generated\Physical (44)_aug_7.jpg
broken-solar-panel-torn-mount-260nw-2215881473_aug_1.jpg,Physcial_damage_generated,Physcial_damage_generated,True,0.953,C:\Users\BALU\OneDrive\Desktop\solar_panel\dataset\PRoject\Physcial_damage_generated\broken-solar-panel-torn-mount-260nw-2215881473_aug_1.jpg
ground-structure-solar-panels-severely-260nw-2601925157_aug_8.jpg,Physcial_damage_generated,Physcial_damage_generated,True,0.9227,C:\Users\BALU\OneDrive\Desktop\solar_panel\dataset\PRoject\Physcial_damage_generated\ground-structure-solar-panels-severely-260nw-2601925157_aug_8.jpg
Physical (42)_aug_7.jpg,Physcial_damage_generated,Physcial_damage_generated,True,0.9933,C:\Users\BALU\OneDrive\Desktop\solar_panel\dataset\PRoject\Physcial_damage_generated\Physical (42)_aug_7.jpg
Imgclean_363_0.jpg,Clean,Clean,True,0.8741,C:\Users\BALU\OneDrive\Desktop\solar_panel\dataset\PRoject\Clean\Imgclean_363_0.jpg
Imgdirty_29_1.jpg,Dusty,Dusty,True,0.8807,C:\Users\BALU\OneDrive\Desktop\solar_panel\dataset\PRoject\Dusty\Imgdirty_29_1.jpg
Bird (93)_aug_0.jpg,Bird_drop_generateds,Bird_drop_generateds,True,0.8985,C:\Users\BALU\OneDrive\Desktop\solar_panel\dataset\PRoject\Bird_drop_generateds\Bird (93)_aug_0.jpg
Imgclean_1456_0.jpg,Clean,Dusty,False,0.7521,C:\Users\BALU\OneDrive\Desktop\solar_panel\dataset\PRoject\Clean\Imgclean_1456_0.jpg
Dust (74).jpg,Dusty,Dusty,True,0.8867,C:\Users\BALU\OneDrive\Desktop\solar_panel\dataset\PRoject\Dusty\Dust (74).jpg
Electrical (77)_aug_2.jpg,Electrical_damage_generated,Electrical_damage_generated,True,1.0,C:\Users\BALU\OneDrive\Desktop\solar_panel\dataset\PRoject\Electrical_damage_generated\Electrical (77)_aug_2.jpg
dirty-rooftop-solar-panels-covered-260nw-2497558785 (1)_aug_1.jpg,Bird_drop_generateds,Bird_drop_generateds,True,0.973,C:\Users\BALU\OneDrive\Desktop\solar_panel\dataset\PRoject\Bird_drop_generateds\dirty-rooftop-solar-panels-covered-260nw-2497558785 (1)_aug_1.jpg
solar-panel-roof-house-winter-260nw-2407806745_aug_3.jpg,Snow_covered_generated,Snow_covered_generated,True,0.7851,C:\Users\BALU\OneDrive\Desktop\solar_panel\dataset\PRoject\Snow_covered_generated\solar-panel-roof-house-winter-260nw-2407806745_aug_3.jpg
Electrical (98)_aug_4 - Copy.jpg,Electrical_damage_generated,Electrical_damage_generated,True,1.0,C:\Users\BALU\OneDrive\Desktop\solar_panel\dataset\PRoject\Electrical_damage_generated\Electrical (98)_aug_4 - Copy.jpg
Snow (73)_aug_0.jpg,Snow_covered_generated,Snow_covered_generated,True,0.9854,C:\Users\BALU\OneDrive\Desktop\solar_panel\dataset\PRoject\Snow_covered_generated\Snow (73)_aug_0.jpg
Imgclean_1028_0.jpg,Clean,Clean,True,0.992,C:\Users\BALU\OneDrive\Desktop\solar_panel\dataset\PRoject\Clean\Imgclean_1028_0.jpg
solar-panels-on-roof-house-260nw-2078469625 (1)_aug_3.jpg,Bird_drop_generateds,Bird_drop_generateds,True,0.8964,C:\Users\BALU\OneDrive\Desktop\solar_panel\dataset\PRoject\Bird_drop_generateds\solar-panels-on-roof-house-260nw-2078469625 (1)_aug_3.jpg
Imgclean_377_0.jpg,Clean,Clean,True,0.9899,C:\Users\BALU\OneDrive\Desktop\solar_panel\dataset\PRoject\Clean\Imgclean_377_0.jpg
Imgdirty_379_1.jpg,Dusty,Clean,False,0.9844,C:\Users\BALU\OneDrive\Desktop\solar_panel\dataset\PRoject\Dusty\Imgdirty_379_1.jpg
Imgdirty_91_1.jpg,Dusty,Dusty,True,0.9898,C:\Users\BALU\OneDrive\Desktop\solar_panel\dataset\PRoject\Dusty\Imgdirty_91_1.jpg
Imgdirty_814_1.jpg,Dusty,Dusty,True,0.7143,C:\Users\BALU\OneDrive\Desktop\solar_panel\dataset\PRoject\Dusty\Imgdirty_814_1.jpg
Bird (86)_aug_4.jpg,Bird_drop_generateds,Bird_drop_generateds,True,0.9839,C:\Users\BALU\OneDrive\Desktop\solar_panel\dataset\PRoject\Bird_drop_generateds\Bird (86)_aug_4.jpg
close-broken-solar-panel-texture-260nw-2327014975_aug_7.jpg,Physcial_damage_generated,Physcial_damage_generated,True,0.5293,C:\Users\BALU\OneDrive\Desktop\solar_panel\dataset\PRoject\Physcial_damage_generated\close-broken-solar-panel-texture-260nw-2327014975_aug_7.jpg
photovoltaic-panel-becomes-dirty-which-260nw-2324130523_aug_1.jpg,Bird_drop_generateds,Bird_drop_generateds,True,0.9606,C:\Users\BALU\OneDrive\Desktop\solar_panel\dataset\PRoject\Bird_drop_generateds\photovoltaic-panel-becomes-dirty-which-260nw-2324130523_aug_1.jpg
Imgdirty_303_1.jpg,Dusty,Clean,False,0.8338,C:\Users\BALU\OneDrive\Desktop\solar_panel\dataset\PRoject\Dusty\Imgdirty_303_1.jpg
snowcovered-solar-panels-on-rooftop-260nw-2586920779_aug_1.jpg,Snow_covered_generated,Snow_covered_generated,True,0.9999,C:\Users\BALU\OneDrive\Desktop\solar_panel\dataset\PRoject\Snow_covered_generated\snowcovered-solar-panels-on-rooftop-260nw-2586920779_aug_1.jpg
Imgclean_1027_0.jpg,Clean,Clean,True,0.9815,C:\Users\BALU\OneDrive\Desktop\solar_panel\dataset\PRoject\Clean\Imgclean_1027_0.jpg
Snow (22)_aug_2.jpg,Snow_covered_generated,Snow_covered_generated,True,0.9952,C:\Users\BALU\OneDrive\Desktop\solar_panel\dataset\PRoject\Snow_covered_generated\Snow (22)_aug_2.jpg
Imgdirty_259_1.jpg,Dusty,Dusty,True,0.8197,C:\Users\BALU\OneDrive\Desktop\solar_panel\dataset\PRoject\Dusty\Imgdirty_259_1.jpg
Imgclean_1121_0.jpg,Clean,Clean,True,0.9266,C:\Users\BALU\OneDrive\Desktop\solar_panel\dataset\PRoject\Clean\Imgclean_1121_0.jpg
snowcovered-solar-panels-winter-landscape-260nw-2584116713_aug_3.jpg,Snow_covered_generated,Snow_covered_generated,True,0.9779,C:\Users\BALU\OneDrive\Desktop\solar_panel\dataset\PRoject\Snow_covered_generated\snowcovered-solar-panels-winter-landscape-260nw-2584116713_aug_3.jpg
solar-panels-broken-by-lightning-260nw-1088980745_aug_5.jpg,Physcial_damage_generated,Physcial_damage_generated,True,0.9978,C:\Users\BALU\OneDrive\Desktop\solar_panel\dataset\PRoject\Physcial_damage_generated\solar-panels-broken-by-lightning-260nw-1088980745_aug_5.jpg
aerial-severely-damaged-solar-power-260nw-2601200361 (1)_aug_9.jpg,Physcial_damage_generated,Physcial_damage_generated,True,0.9869,C:\Users\BALU\OneDrive\Desktop\solar_panel\dataset\PRoject\Physcial_damage_generated\aerial-severely-damaged-solar-power-260nw-2601200361 (1)_aug_9.jpg
prague-czech-republic-oct-10-260nw-2530211587_aug_3.jpg,Physcial_damage_generated,Physcial_damage_generated,True,0.9028,C:\Users\BALU\OneDrive\Desktop\solar_panel\dataset\PRoject\Physcial_damage_generated\prague-czech-republic-oct-10-260nw-2530211587_aug_3.jpg
Imgdirty_64_1.jpg,Dusty,Dusty,True,0.9908,C:\Users\BALU\OneDrive\Desktop\solar_panel\dataset\PRoject\Dusty\Imgdirty_64_1.jpg
Electrical (18)_aug_1 - Copy.jpg,Electrical_damage_generated,Electrical_damage_generated,True,0.9996,C:\Users\BALU\OneDrive\Desktop\solar_panel\dataset\PRoject\Electrical_damage_generated\Electrical (18)_aug_1 - Copy.jpg
Imgclean_804_0.jpg,Clean,Clean,True,0.982,C:\Users\BALU\OneDrive\Desktop\solar_panel\dataset\PRoject\Clean\Imgclean_804_0.jpg
Imgclean_648_0.jpg,Clean,Clean,True,0.9123,C:\Users\BALU\OneDrive\Desktop\solar_panel\dataset\PRoject\Clean\Imgclean_648_0.jpg
Physical (61)_aug_9.jpg,Physcial_damage_generated,Physcial_damage_generated,True,0.9999,C:\Users\BALU\OneDrive\Desktop\solar_panel\dataset\PRoject\Physcial_damage_generated\Physical (61)_aug_9.jpg
dirty-rooftop-solar-panels-covered-260nw-2505545323 (1)_aug_3.jpg,Bird_drop_generateds,Bird_drop_generateds,True,0.994,C:\Users\BALU\OneDrive\Desktop\solar_panel\dataset\PRoject\Bird_drop_generateds\dirty-rooftop-solar-panels-covered-260nw-2505545323 (1)_aug_3.jpg
Snow (11)_aug_4.jpg,Snow_covered_generated,Snow_covered_generated,True,0.9922,C:\Users\BALU\OneDrive\Desktop\solar_panel\dataset\PRoject\Snow_covered_generated\Snow (11)_aug_4.jpg
Imgclean_439_0.jpg,Clean,Clean,True,0.9552,C:\Users\BALU\OneDrive\Desktop\solar_panel\dataset\PRoject\Clean\Imgclean_439_0.jpg
Bird (160)_aug_4.jpg,Bird_drop_generateds,Bird_drop_generateds,True,0.954,C:\Users\BALU\OneDrive\Desktop\solar_panel\dataset\PRoject\Bird_drop_generateds\Bird (160)_aug_4.jpg
Physical (23)_aug_8.jpg,Physcial_damage_generated,Physcial_damage_generated,True,1.0,C:\Users\BALU\OneDrive\Desktop\solar_panel\dataset\PRoject\Physcial_damage_generated\Physical (23)_aug_8.jpg
Imgclean_309_0.jpg,Clean,Clean,True,0.921,C:\Users\BALU\OneDrive\Desktop\solar_panel\dataset\PRoject\Clean\Imgclean_309_0.jpg
Imgclean_951_0.jpg,Clean,Clean,True,0.9283,C:\Users\BALU\OneDrive\Desktop\solar_panel\dataset\PRoject\Clean\Imgclean_951_0.jpg
Electrical (47)_aug_1 - Copy.jpg,Electrical_damage_generated,Electrical_damage_generated,True,0.9999,C:\Users\BALU\OneDrive\Desktop\solar_panel\dataset\PRoject\Electrical_damage_generated\Electrical (47)_aug_1 - Copy.jpg
Bird (36)_aug_3.jpg,Bird_drop_generateds,Bird_drop_generateds,True,0.9309,C:\Users\BALU\OneDrive\Desktop\solar_panel\dataset\PRoject\Bird_drop_generateds\Bird (36)_aug_3.jpg
Electrical (7)_aug_0.jpg,Electrical_damage_generated,Electrical_damage_generated,True,0.9999,C:\Users\BALU\OneDrive\Desktop\solar_panel\dataset\PRoject\Electrical_damage_generated\Electrical (7)_aug_0.jpg
Bird (173)_aug_2.jpg,Bird_drop_generateds,Bird_drop_generateds,True,0.5872,C:\Users\BALU\OneDrive\Desktop\solar_panel\dataset\PRoject\Bird_drop_generateds\Bird (173)_aug_2.jpg
Electrical (10)_aug_3.jpg,Electrical_damage_generated,Electrical_damage_generated,True,0.9829,C:\Users\BALU\OneDrive\Desktop\solar_panel\dataset\PRoject\Electrical_damage_generated\Electrical (10)_aug_3.jpg
upper-surface-solar-rooftop-which-260nw-2327928505_aug_1.jpg,Bird_drop_generateds,Bird_drop_generateds,True,0.9279,C:\Users\BALU\OneDrive\Desktop\solar_panel\dataset\PRoject\Bird_drop_generateds\upper-surface-solar-rooftop-which-260nw-2327928505_aug_1.jpg
Bird (177)_aug_2.jpg,Bird_drop_generateds,Bird_drop_generateds,True,0.6073,C:\Users\BALU\OneDrive\Desktop\solar_panel\dataset\PRoject\Bird_drop_generateds\Bird (177)_aug_2.jpg
Bird (69)_aug_0.jpg,Bird_drop_generateds,Bird_drop_generateds,True,0.9969,C:\Users\BALU\OneDrive\Desktop\solar_panel\dataset\PRoject\Bird_drop_generateds\Bird (69)_aug_0.jpg
Bird (59)_aug_0.jpg,Bird_drop_generateds,Physcial_damage_generated,False,0.6121,C:\Users\BALU\OneDrive\Desktop\solar_panel\dataset\PRoject\Bird_drop_generateds\Bird (59)_aug_0.jpg
Electrical (96)_aug_0.jpg,Electrical_damage_generated,Electrical_damage_generated,True,0.9989,C:\Users\BALU\OneDrive\Desktop\solar_panel\dataset\PRoject\Electrical_damage_generated\Electrical (96)_aug_0.jpg
Dust (84).jpg,Dusty,Dusty,True,0.9894,C:\Users\BALU\OneDrive\Desktop\solar_panel\dataset\PRoject\Dusty\Dust (84).jpg
Physical (39)_aug_0.jpg,Physcial_damage_generated,Physcial_damage_generated,True,1.0,C:\Users\BALU\OneDrive\Desktop\solar_panel\dataset\PRoject\Physcial_damage_generated\Physical (39)_aug_0.jpg
Snow (6)_aug_2.jpg,Snow_covered_generated,Snow_covered_generated,True,0.9998,C:\Users\BALU\OneDrive\Desktop\solar_panel\dataset\PRoject\Snow_covered_generated\Snow (6)_aug_2.jpg
snowcovered-solar-panels-on-rooftop-260nw-2586920775_aug_2.jpg,Snow_covered_generated,Snow_covered_generated,True,0.9986,C:\Users\BALU\OneDrive\Desktop\solar_panel\dataset\PRoject\Snow_covered_generated\snowcovered-solar-panels-on-rooftop-260nw-2586920775_aug_2.jpg
Imgclean_466_0.jpg,Clean,Clean,True,0.9407,C:\Users\BALU\OneDrive\Desktop\solar_panel\dataset\PRoject\Clean\Imgclean_466_0.jpg
Dust (41).jpg,Dusty,Dusty,True,0.7189,C:\Users\BALU\OneDrive\Desktop\solar_panel\dataset\PRoject\Dusty\Dust (41).jpg
Bird (29)_aug_2.jpg,Bird_drop_generateds,Bird_drop_generateds,True,0.9915,C:\Users\BALU\OneDrive\Desktop\solar_panel\dataset\PRoject\Bird_drop_generateds\Bird (29)_aug_2.jpg
Snow (84)_aug_4.jpg,Snow_covered_generated,Snow_covered_generated,True,0.9491,C:\Users\BALU\OneDrive\Desktop\solar_panel\dataset\PRoject\Snow_covered_generated\Snow (84)_aug_4.jpg
Electrical (10)_aug_3 - Copy.jpg,Electrical_damage_generated,Electrical_damage_generated,True,0.9829,C:\Users\BALU\OneDrive\Desktop\solar_panel\dataset\PRoject\Electrical_damage_generated\Electrical (10)_aug_3 - Copy.jpg
broken-destroyed-cracked-hole-solar-260nw-2223580523_aug_6.jpg,Physcial_damage_generated,Physcial_damage_generated,True,0.9999,C:\Users\BALU\OneDrive\Desktop\solar_panel\dataset\PRoject\Physcial_damage_generated\broken-destroyed-cracked-hole-solar-260nw-2223580523_aug_6.jpg
Physical (33)_aug_1.jpg,Physcial_damage_generated,Physcial_damage_generated,True,0.9948,C:\Users\BALU\OneDrive\Desktop\solar_panel\dataset\PRoject\Physcial_damage_generated\Physical (33)_aug_1.jpg
Imgclean_874_0.jpg,Clean,Clean,True,0.8061,C:\Users\BALU\OneDrive\Desktop\solar_panel\dataset\PRoject\Clean\Imgclean_874_0.jpg
Electrical (72)_aug_1.jpg,Electrical_damage_generated,Electrical_damage_generated,True,0.9618,C:\Users\BALU\OneDrive\Desktop\solar_panel\dataset\PRoject\Electrical_damage_generated\Electrical (72)_aug_1.jpg
Electrical (92)_aug_2 - Copy.jpg,Electrical_damage_generated,Electrical_damage_generated,True,0.9997,C:\Users\BALU\OneDrive\Desktop\solar_panel\dataset\PRoject\Electrical_damage_generated\Electrical (92)_aug_2 - Copy.jpg
Imgclean_1073_0.jpg,Clean,Dusty,False,0.6878,C:\Users\BALU\OneDrive\Desktop\solar_panel\dataset\PRoject\Clean\Imgclean_1073_0.jpg
Imgclean_506_0.jpg,Clean,Clean,True,0.9427,C:\Users\BALU\OneDrive\Desktop\solar_panel\dataset\PRoject\Clean\Imgclean_506_0.jpg
Imgclean_877_0.jpg,Clean,Clean,True,0.985,C:\Users\BALU\OneDrive\Desktop\solar_panel\dataset\PRoject\Clean\Imgclean_877_0.jpg
Bird (192)_aug_1.jpg,Bird_drop_generateds,Bird_drop_generateds,True,0.9672,C:\Users\BALU\OneDrive\Desktop\solar_panel\dataset\PRoject\Bird_drop_generateds\Bird (192)_aug_1.jpg
Physical (68)_aug_8.jpg,Physcial_damage_generated,Physcial_damage_generated,True,0.9923,C:\Users\BALU\OneDrive\Desktop\solar_panel\dataset\PRoject\Physcial_damage_generated\Physical (68)_aug_8.jpg
dirty-rooftop-solar-panels-covered-260nw-2497398187 (1)_aug_2.jpg,Bird_drop_generateds,Bird_drop_generateds,True,0.998,C:\Users\BALU\OneDrive\Desktop\solar_panel\dataset\PRoject\Bird_drop_generateds\dirty-rooftop-solar-panels-covered-260nw-2497398187 (1)_aug_2.jpg
Imgdirty_762_1.jpg,Dusty,Clean,False,0.8414,C:\Users\BALU\OneDrive\Desktop\solar_panel\dataset\PRoject\Dusty\Imgdirty_762_1.jpg
Clean (154).jpg,Clean,Clean,True,0.9352,C:\Users\BALU\OneDrive\Desktop\solar_panel\dataset\PRoject\Clean\Clean (154).jpg
Bird (85)_aug_1.jpg,Bird_drop_generateds,Bird_drop_generateds,True,0.903,C:\Users\BALU\OneDrive\Desktop\solar_panel\dataset\PRoject\Bird_drop_generateds\Bird (85)_aug_1.jpg
Imgdirty_413_1.jpg,Dusty,Clean,False,0.6463,C:\Users\BALU\OneDrive\Desktop\solar_panel\dataset\PRoject\Dusty\Imgdirty_413_1.jpg
Imgclean_285_0.jpg,Clean,Clean,True,0.9506,C:\Users\BALU\OneDrive\Desktop\solar_panel\dataset\PRoject\Clean\Imgclean_285_0.jpg
Imgdirty_172_1.jpg,Dusty,Clean,False,0.8321,C:\Users\BALU\OneDrive\Desktop\solar_panel\dataset\PRoject\Dusty\Imgdirty_172_1.jpg
Clean (113).jpg,Clean,Clean,True,0.9702,C:\Users\BALU\OneDrive\Desktop\solar_panel\dataset\PRoject\Clean\Clean (113).jpg
Bird (179)_aug_4.jpg,Bird_drop_generateds,Bird_drop_generateds,True,0.9105,C:\Users\BALU\OneDrive\Desktop\solar_panel\dataset\PRoject\Bird_drop_generateds\Bird (179)_aug_4.jpg
Imgdirty_415_1.jpg,Dusty,Dusty,True,0.9507,C:\Users\BALU\OneDrive\Desktop\solar_panel\dataset\PRoject\Dusty\Imgdirty_415_1.jpg
Electrical (31)_aug_4.jpg,Electrical_damage_generated,Electrical_damage_generated,True,0.9969,C:\Users\BALU\OneDrive\Desktop\solar_panel\dataset\PRoject\Electrical_damage_generated\Electrical (31)_aug_4.jpg
snowy-roof-solar-panels-covered-260nw-2537530371_aug_1.jpg,Snow_covered_generated,Snow_covered_generated,True,0.7415,C:\Users\BALU\OneDrive\Desktop\solar_panel\dataset\PRoject\Snow_covered_generated\snowy-roof-solar-panels-covered-260nw-2537530371_aug_1.jpg
Imgclean_374_0.jpg,Clean,Electrical_damage_generated,False,0.6201,C:\Users\BALU\OneDrive\Desktop\solar_panel\dataset\PRoject\Clean\Imgclean_374_0.jpg
Imgclean_799_0.jpg,Clean,Clean,True,0.9962,C:\Users\BALU\OneDrive\Desktop\solar_panel\dataset\PRoject\Clean\Imgclean_799_0.jpg
6_aug_4.jpg,Bird_drop_generateds,Bird_drop_generateds,True,0.9832,C:\Users\BALU\OneDrive\Desktop\solar_panel\dataset\PRoject\Bird_drop_generateds\6_aug_4.jpg
Physical (12)_aug_3.jpg,Physcial_damage_generated,Physcial_damage_generated,True,0.9998,C:\Users\BALU\OneDrive\Desktop\solar_panel\dataset\PRoject\Physcial_damage_generated\Physical (12)_aug_3.jpg
Imgclean_68_0.jpg,Clean,Clean,True,0.9985,C:\Users\BALU\OneDrive\Desktop\solar_panel\dataset\PRoject\Clean\Imgclean_68_0.jpg
Imgclean_656_0.jpg,Clean,Clean,True,0.9778,C:\Users\BALU\OneDrive\Desktop\solar_panel\dataset\PRoject\Clean\Imgclean_656_0.jpg
close-photo-damaged-solar-panel-260nw-2425903383_aug_5.jpg,Physcial_damage_generated,Physcial_damage_generated,True,1.0,C:\Users\BALU\OneDrive\Desktop\solar_panel\dataset\PRoject\Physcial_damage_generated\close-photo-damaged-solar-panel-260nw-2425903383_aug_5.jpg
snow-covered-solar-panels-on-260nw-2418952151_aug_3.jpg,Snow_covered_generated,Snow_covered_generated,True,0.6233,C:\Users\BALU\OneDrive\Desktop\solar_panel\dataset\PRoject\Snow_covered_generated\snow-covered-solar-panels-on-260nw-2418952151_aug_3.jpg
Imgclean_622_0.jpg,Clean,Clean,True,0.9504,C:\Users\BALU\OneDrive\Desktop\solar_panel\dataset\PRoject\Clean\Imgclean_622_0.jpg
Snow (73)_aug_3.jpg,Snow_covered_generated,Snow_covered_generated,True,0.973,C:\Users\BALU\OneDrive\Desktop\solar_panel\dataset\PRoject\Snow_covered_generated\Snow (73)_aug_3.jpg
Imgdirty_214_1.jpg,Dusty,Dusty,True,0.9834,C:\Users\BALU\OneDrive\Desktop\solar_panel\dataset\PRoject\Dusty\Imgdirty_214_1.jpg
snowcovered-solar-panels-on-rooftop-260nw-2586920795_aug_0.jpg,Snow_covered_generated,Snow_covered_generated,True,0.9995,C:\Users\BALU\OneDrive\Desktop\solar_panel\dataset\PRoject\Snow_covered_generated\snowcovered-solar-panels-on-rooftop-260nw-2586920795_aug_0.jpg
solar-panels-on-roof-house-260nw-2155874655_aug_2.jpg,Bird_drop_generateds,Bird_drop_generateds,True,0.9769,C:\Users\BALU\OneDrive\Desktop\solar_panel\dataset\PRoject\Bird_drop_generateds\solar-panels-on-roof-house-260nw-2155874655_aug_2.jpg
Imgdirty_398_1.jpg,Dusty,Dusty,True,0.9788,C:\Users\BALU\OneDrive\Desktop\solar_panel\dataset\PRoject\Dusty\Imgdirty_398_1.jpg
Imgclean_1122_0.jpg,Clean,Clean,True,0.9753,C:\Users\BALU\OneDrive\Desktop\solar_panel\dataset\PRoject\Clean\Imgclean_1122_0.jpg
Physical (35)_aug_7.jpg,Physcial_damage_generated,Physcial_damage_generated,True,0.9941,C:\Users\BALU\OneDrive\Desktop\solar_panel\dataset\PRoject\Physcial_damage_generated\Physical (35)_aug_7.jpg
Bird (71)_aug_2.jpg,Bird_drop_generateds,Bird_drop_generateds,True,0.7304,C:\Users\BALU\OneDrive\Desktop\solar_panel\dataset\PRoject\Bird_drop_generateds\Bird (71)_aug_2.jpg
Bird (39)_aug_4.jpg,Bird_drop_generateds,Bird_drop_generateds,True,0.9911,C:\Users\BALU\OneDrive\Desktop\solar_panel\dataset\PRoject\Bird_drop_generateds\Bird (39)_aug_4.jpg
solar-panels-covered-snow-on-260nw-2273388383_aug_0.jpg,Snow_covered_generated,Snow_covered_generated,True,0.9988,C:\Users\BALU\OneDrive\Desktop\solar_panel\dataset\PRoject\Snow_covered_generated\solar-panels-covered-snow-on-260nw-2273388383_aug_0.jpg
snowcovered-solar-panels-on-rooftop-260nw-2586920781_aug_3.jpg,Snow_covered_generated,Snow_covered_generated,True,0.9997,C:\Users\BALU\OneDrive\Desktop\solar_panel\dataset\PRoject\Snow_covered_generated\snowcovered-solar-panels-on-rooftop-260nw-2586920781_aug_3.jpg
Imgdirty_882_1.jpg,Dusty,Dusty,True,0.9753,C:\Users\BALU\OneDrive\Desktop\solar_panel\dataset\PRoject\Dusty\Imgdirty_882_1.jpg
Physical (16)_aug_5.jpg,Physcial_damage_generated,Physcial_damage_generated,True,0.9995,C:\Users\BALU\OneDrive\Desktop\solar_panel\dataset\PRoject\Physcial_damage_generated\Physical (16)_aug_5.jpg
Imgclean_1296_0.jpg,Clean,Clean,True,0.9506,C:\Users\BALU\OneDrive\Desktop\solar_panel\dataset\PRoject\Clean\Imgclean_1296_0.jpg
destroyed-by-hurricane-winds-broken-260nw-2351656177_aug_9.jpg,Physcial_damage_generated,Physcial_damage_generated,True,0.9997,C:\Users\BALU\OneDrive\Desktop\solar_panel\dataset\PRoject\Physcial_damage_generated\destroyed-by-hurricane-winds-broken-260nw-2351656177_aug_9.jpg
Imgdirty_241_1.jpg,Dusty,Dusty,True,0.9938,C:\Users\BALU\OneDrive\Desktop\solar_panel\dataset\PRoject\Dusty\Imgdirty_241_1.jpg
ground-structure-solar-panels-severely-260nw-2601925157_aug_0.jpg,Physcial_damage_generated,Physcial_damage_generated,True,0.8995,C:\Users\BALU\OneDrive\Desktop\solar_panel\dataset\PRoject\Physcial_damage_generated\ground-structure-solar-panels-severely-260nw-2601925157_aug_0.jpg
Snow (87)_aug_1.jpg,Snow_covered_generated,Snow_covered_generated,True,0.9995,C:\Users\BALU\OneDrive\Desktop\solar_panel\dataset\PRoject\Snow_covered_generated\Snow (87)_aug_1.jpg
broken-destroyed-solar-panel-cell-260nw-2332211579_aug_5.jpg,Physcial_damage_generated,Physcial_damage_generated,True,0.9991,C:\Users\BALU\OneDrive\Desktop\solar_panel\dataset\PRoject\Physcial_damage_generated\broken-destroyed-solar-panel-cell-260nw-2332211579_aug_5.jpg
Imgclean_894_0.jpg,Clean,Clean,True,0.8552,C:\Users\BALU\OneDrive\Desktop\solar_panel\dataset\PRoject\Clean\Imgclean_894_0.jpg
Bird (57)_aug_2.jpg,Bird_drop_generateds,Bird_drop_generateds,True,0.9836,C:\Users\BALU\OneDrive\Desktop\solar_panel\dataset\PRoject\Bird_drop_generateds\Bird (57)_aug_2.jpg
Imgclean_229_0.jpg,Clean,Clean,True,0.6718,C:\Users\BALU\OneDrive\Desktop\solar_panel\dataset\PRoject\Clean\Imgclean_229_0.jpg
Imgclean_120_0.jpg,Clean,Clean,True,0.8706,C:\Users\BALU\OneDrive\Desktop\solar_panel\dataset\PRoject\Clean\Imgclean_120_0.jpg
Electrical (36)_aug_0.jpg,Electrical_damage_generated,Electrical_damage_generated,True,0.9371,C:\Users\BALU\OneDrive\Desktop\solar_panel\dataset\PRoject\Electrical_damage_generated\Electrical (36)_aug_0.jpg
Imgdirty_650_1.jpg,Dusty,Dusty,True,0.6981,C:\Users\BALU\OneDrive\Desktop\solar_panel\dataset\PRoject\Dusty\Imgdirty_650_1.jpg
Clean (30).jpg,Clean,Clean,True,0.9913,C:\Users\BALU\OneDrive\Desktop\solar_panel\dataset\PRoject\Clean\Clean (30).jpg
Electrical (84)_aug_0.jpg,Electrical_damage_generated,Electrical_damage_generated,True,0.9961,C:\Users\BALU\OneDrive\Desktop\solar_panel\dataset\PRoject\Electrical_damage_generated\Electrical (84)_aug_0.jpg
broken-destroyed-solar-panel-outside-260nw-1573025164_aug_0.jpg,Physcial_damage_generated,Physcial_damage_generated,True,1.0,C:\Users\BALU\OneDrive\Desktop\solar_panel\dataset\PRoject\Physcial_damage_generated\broken-destroyed-solar-panel-outside-260nw-1573025164_aug_0.jpg
Snow (93)_aug_2.jpg,Snow_covered_generated,Snow_covered_generated,True,0.9632,C:\Users\BALU\OneDrive\Desktop\solar_panel\dataset\PRoject\Snow_covered_generated\Snow (93)_aug_2.jpg
Physical (20)_aug_0.jpg,Physcial_damage_generated,Physcial_damage_generated,True,0.8501,C:\Users\BALU\OneDrive\Desktop\solar_panel\dataset\PRoject\Physcial_damage_generated\Physical (20)_aug_0.jpg
Snow (44)_aug_3.jpg,Snow_covered_generated,Snow_covered_generated,True,0.9887,C:\Users\BALU\OneDrive\Desktop\solar_panel\dataset\PRoject\Snow_covered_generated\Snow (44)_aug_3.jpg
Physical (20)_aug_4.jpg,Physcial_damage_generated,Physcial_damage_generated,True,0.4975,C:\Users\BALU\OneDrive\Desktop\solar_panel\dataset\PRoject\Physcial_damage_generated\Physical (20)_aug_4.jpg
Electrical (4)_aug_4 - Copy.jpg,Electrical_damage_generated,Electrical_damage_generated,True,0.9954,C:\Users\BALU\OneDrive\Desktop\solar_panel\dataset\PRoject\Electrical_damage_generated\Electrical (4)_aug_4 - Copy.jpg
Physical (11)_aug_6.jpg,Physcial_damage_generated,Physcial_damage_generated,True,0.9999,C:\Users\BALU\OneDrive\Desktop\solar_panel\dataset\PRoject\Physcial_damage_generated\Physical (11)_aug_6.jpg
Physical (47)_aug_4.jpg,Physcial_damage_generated,Physcial_damage_generated,True,0.9998,C:\Users\BALU\OneDrive\Desktop\solar_panel\dataset\PRoject\Physcial_damage_generated\Physical (47)_aug_4.jpg
dirty-rooftop-solar-panels-covered-260nw-2505545325_aug_4.jpg,Bird_drop_generateds,Bird_drop_generateds,True,0.9724,C:\Users\BALU\OneDrive\Desktop\solar_panel\dataset\PRoject\Bird_drop_generateds\dirty-rooftop-solar-panels-covered-260nw-2505545325_aug_4.jpg
Physical (27)_aug_4.jpg,Physcial_damage_generated,Physcial_damage_generated,True,1.0,C:\Users\BALU\OneDrive\Desktop\solar_panel\dataset\PRoject\Physcial_damage_generated\Physical (27)_aug_4.jpg
Physical (10)_aug_6.jpg,Physcial_damage_generated,Physcial_damage_generated,True,1.0,C:\Users\BALU\OneDrive\Desktop\solar_panel\dataset\PRoject\Physcial_damage_generated\Physical (10)_aug_6.jpg
Electrical (13)_aug_4 - Copy.jpg,Electrical_damage_generated,Electrical_damage_generated,True,0.9998,C:\Users\BALU\OneDrive\Desktop\solar_panel\dataset\PRoject\Electrical_damage_generated\Electrical (13)_aug_4 - Copy.jpg
Dust (39).jpg,Dusty,Dusty,True,0.7445,C:\Users\BALU\OneDrive\Desktop\solar_panel\dataset\PRoject\Dusty\Dust (39).jpg
Physical (26)_aug_8.jpg,Physcial_damage_generated,Physcial_damage_generated,True,0.9985,C:\Users\BALU\OneDrive\Desktop\solar_panel\dataset\PRoject\Physcial_damage_generated\Physical (26)_aug_8.jpg
Imgdirty_194_1.jpg,Dusty,Bird_drop_generateds,False,0.7508,C:\Users\BALU\OneDrive\Desktop\solar_panel\dataset\PRoject\Dusty\Imgdirty_194_1.jpg
Physical (61)_aug_4.jpg,Physcial_damage_generated,Physcial_damage_generated,True,0.9998,C:\Users\BALU\OneDrive\Desktop\solar_panel\dataset\PRoject\Physcial_damage_generated\Physical (61)_aug_4.jpg
Physical (15)_aug_3.jpg,Physcial_damage_generated,Physcial_damage_generated,True,0.9996,C:\Users\BALU\OneDrive\Desktop\solar_panel\dataset\PRoject\Physcial_damage_generated\Physical (15)_aug_3.jpg
Electrical (1)_aug_1 - Copy.jpg,Electrical_damage_generated,Electrical_damage_generated,True,0.9986,C:\Users\BALU\OneDrive\Desktop\solar_panel\dataset\PRoject\Electrical_damage_generated\Electrical (1)_aug_1 - Copy.jpg
prague-czech-republic-oct-10-260nw-2530211587_aug_5.jpg,Physcial_damage_generated,Physcial_damage_generated,True,0.7685,C:\Users\BALU\OneDrive\Desktop\solar_panel\dataset\PRoject\Physcial_damage_generated\prague-czech-republic-oct-10-260nw-2530211587_aug_5.jpg
Imgclean_486_0.jpg,Clean,Clean,True,0.9726,C:\Users\BALU\OneDrive\Desktop\solar_panel\dataset\PRoject\Clean\Imgclean_486_0.jpg
Electrical (70)_aug_4 - Copy.jpg,Electrical_damage_generated,Electrical_damage_generated,True,0.9994,C:\Users\BALU\OneDrive\Desktop\solar_panel\dataset\PRoject\Electrical_damage_generated\Electrical (70)_aug_4 - Copy.jpg
Bird (63)_aug_1.jpg,Bird_drop_generateds,Bird_drop_generateds,True,0.671,C:\Users\BALU\OneDrive\Desktop\solar_panel\dataset\PRoject\Bird_drop_generateds\Bird (63)_aug_1.jpg
Clean (108).jpg,Clean,Clean,True,0.9767,C:\Users\BALU\OneDrive\Desktop\solar_panel\dataset\PRoject\Clean\Clean (108).jpg
Imgclean_1349_0.jpg,Clean,Clean,True,0.9887,C:\Users\BALU\OneDrive\Desktop\solar_panel\dataset\PRoject\Clean\Imgclean_1349_0.jpg
Electrical (67)_aug_3.jpg,Electrical_damage_generated,Electrical_damage_generated,True,0.9849,C:\Users\BALU\OneDrive\Desktop\solar_panel\dataset\PRoject\Electrical_damage_generated\Electrical (67)_aug_3.jpg
Imgdirty_1003_1.jpg,Dusty,Clean,False,0.9796,C:\Users\BALU\OneDrive\Desktop\solar_panel\dataset\PRoject\Dusty\Imgdirty_1003_1.jpg
Clean (191).jpg,Clean,Clean,True,0.6765,C:\Users\BALU\OneDrive\Desktop\solar_panel\dataset\PRoject\Clean\Clean (191).jpg
Snow (119)_aug_3.jpg,Snow_covered_generated,Snow_covered_generated,True,0.9962,C:\Users\BALU\OneDrive\Desktop\solar_panel\dataset\PRoject\Snow_covered_generated\Snow (119)_aug_3.jpg
Imgdirty_159_1.jpg,Dusty,Dusty,True,0.5134,C:\Users\BALU\OneDrive\Desktop\solar_panel\dataset\PRoject\Dusty\Imgdirty_159_1.jpg
Imgclean_938_0.jpg,Clean,Dusty,False,0.4999,C:\Users\BALU\OneDrive\Desktop\solar_panel\dataset\PRoject\Clean\Imgclean_938_0.jpg
Bird (86)_aug_0.jpg,Bird_drop_generateds,Bird_drop_generateds,True,0.9493,C:\Users\BALU\OneDrive\Desktop\solar_panel\dataset\PRoject\Bird_drop_generateds\Bird (86)_aug_0.jpg
Imgclean_855_0.jpg,Clean,Clean,True,0.6094,C:\Users\BALU\OneDrive\Desktop\solar_panel\dataset\PRoject\Clean\Imgclean_855_0.jpg
Snow (71)_aug_0.jpg,Snow_covered_generated,Snow_covered_generated,True,0.9667,C:\Users\BALU\OneDrive\Desktop\solar_panel\dataset\PRoject\Snow_covered_generated\Snow (71)_aug_0.jpg
Imgdirty_610_1.jpg,Dusty,Dusty,True,0.9388,C:\Users\BALU\OneDrive\Desktop\solar_panel\dataset\PRoject\Dusty\Imgdirty_610_1.jpg
Snow (94)_aug_4.jpg,Snow_covered_generated,Snow_covered_generated,True,0.4876,C:\Users\BALU\OneDrive\Desktop\solar_panel\dataset\PRoject\Snow_covered_generated\Snow (94)_aug_4.jpg
Electrical (25)_aug_2 - Copy.jpg,Electrical_damage_generated,Electrical_damage_generated,True,0.988,C:\Users\BALU\OneDrive\Desktop\solar_panel\dataset\PRoject\Electrical_damage_generated\Electrical (25)_aug_2 - Copy.jpg
broken-down-photovoltaic-solar-panels-260nw-2482532271_aug_8.jpg,Physcial_damage_generated,Physcial_damage_generated,True,0.9841,C:\Users\BALU\OneDrive\Desktop\solar_panel\dataset\PRoject\Physcial_damage_generated\broken-down-photovoltaic-solar-panels-260nw-2482532271_aug_8.jpg
Snow (99)_aug_0.jpg,Snow_covered_generated,Snow_covered_generated,True,0.9998,C:\Users\BALU\OneDrive\Desktop\solar_panel\dataset\PRoject\Snow_covered_generated\Snow (99)_aug_0.jpg
Imgdirty_98_1.jpg,Dusty,Clean,False,0.8372,C:\Users\BALU\OneDrive\Desktop\solar_panel\dataset\PRoject\Dusty\Imgdirty_98_1.jpg
Physical (69)_aug_2.jpg,Physcial_damage_generated,Physcial_damage_generated,True,0.9948,C:\Users\BALU\OneDrive\Desktop\solar_panel\dataset\PRoject\Physcial_damage_generated\Physical (69)_aug_2.jpg
Bird (44)_aug_4.jpg,Bird_drop_generateds,Bird_drop_generateds,True,0.986,C:\Users\BALU\OneDrive\Desktop\solar_panel\dataset\PRoject\Bird_drop_generateds\Bird (44)_aug_4.jpg
Snow (11)_aug_0.jpg,Snow_covered_generated,Snow_covered_generated,True,0.9781,C:\Users\BALU\OneDrive\Desktop\solar_panel\dataset\PRoject\Snow_covered_generated\Snow (11)_aug_0.jpg
Physical (24)_aug_2.jpg,Physcial_damage_generated,Physcial_damage_generated,True,0.8029,C:\Users\BALU\OneDrive\Desktop\solar_panel\dataset\PRoject\Physcial_damage_generated\Physical (24)_aug_2.jpg
dirty-rooftop-solar-panels-covered-260nw-2503500089_aug_0.jpg,Bird_drop_generateds,Bird_drop_generateds,True,0.9891,C:\Users\BALU\OneDrive\Desktop\solar_panel\dataset\PRoject\Bird_drop_generateds\dirty-rooftop-solar-panels-covered-260nw-2503500089_aug_0.jpg
Imgclean_989_0.jpg,Clean,Clean,True,0.9829,C:\Users\BALU\OneDrive\Desktop\solar_panel\dataset\PRoject\Clean\Imgclean_989_0.jpg
Imgdirty_580_1.jpg,Dusty,Dusty,True,0.9931,C:\Users\BALU\OneDrive\Desktop\solar_panel\dataset\PRoject\Dusty\Imgdirty_580_1.jpg
Imgdirty_690_1.jpg,Dusty,Dusty,True,0.9835,C:\Users\BALU\OneDrive\Desktop\solar_panel\dataset\PRoject\Dusty\Imgdirty_690_1.jpg
Imgclean_189_0.jpg,Clean,Clean,True,0.9822,C:\Users\BALU\OneDrive\Desktop\solar_panel\dataset\PRoject\Clean\Imgclean_189_0.jpg
closeup-snowcovered-solar-panels-on-260nw-2574006891_aug_0.jpg,Snow_covered_generated,Snow_covered_generated,True,0.9562,C:\Users\BALU\OneDrive\Desktop\solar_panel\dataset\PRoject\Snow_covered_generated\closeup-snowcovered-solar-panels-on-260nw-2574006891_aug_0.jpg
Physical (46)_aug_4.jpg,Physcial_damage_generated,Physcial_damage_generated,True,0.9365,C:\Users\BALU\OneDrive\Desktop\solar_panel\dataset\PRoject\Physcial_damage_generated\Physical (46)_aug_4.jpg
Clean (98).jpg,Clean,Clean,True,0.9314,C:\Users\BALU\OneDrive\Desktop\solar_panel\dataset\PRoject\Clean\Clean (98).jpg
Imgclean_561_0.jpg,Clean,Clean,True,0.9464,C:\Users\BALU\OneDrive\Desktop\solar_panel\dataset\PRoject\Clean\Imgclean_561_0.jpg
Imgclean_478_0.jpg,Clean,Dusty,False,0.7082,C:\Users\BALU\OneDrive\Desktop\solar_panel\dataset\PRoject\Clean\Imgclean_478_0.jpg
Imgdirty_274_1.jpg,Dusty,Bird_drop_generateds,False,0.5128,C:\Users\BALU\OneDrive\Desktop\solar_panel\dataset\PRoject\Dusty\Imgdirty_274_1.jpg
Clean (54).jpg,Clean,Clean,True,0.987,C:\Users\BALU\OneDrive\Desktop\solar_panel\dataset\PRoject\Clean\Clean (54).jpg
Imgdirty_600_1.jpg,Dusty,Dusty,True,0.5213,C:\Users\BALU\OneDrive\Desktop\solar_panel\dataset\PRoject\Dusty\Imgdirty_600_1.jpg
Imgclean_266_0.jpg,Clean,Clean,True,0.9787,C:\Users\BALU\OneDrive\Desktop\solar_panel\dataset\PRoject\Clean\Imgclean_266_0.jpg
Physical (35)_aug_4.jpg,Physcial_damage_generated,Physcial_damage_generated,True,0.9974,C:\Users\BALU\OneDrive\Desktop\solar_panel\dataset\PRoject\Physcial_damage_generated\Physical (35)_aug_4.jpg
Physical (6)_aug_3.jpg,Physcial_damage_generated,Physcial_damage_generated,True,0.9985,C:\Users\BALU\OneDrive\Desktop\solar_panel\dataset\PRoject\Physcial_damage_generated\Physical (6)_aug_3.jpg
Imgdirty_515_1.jpg,Dusty,Dusty,True,0.6437,C:\Users\BALU\OneDrive\Desktop\solar_panel\dataset\PRoject\Dusty\Imgdirty_515_1.jpg
Imgdirty_45_1.jpg,Dusty,Clean,False,0.7259,C:\Users\BALU\OneDrive\Desktop\solar_panel\dataset\PRoject\Dusty\Imgdirty_45_1.jpg
Physical (22)_aug_7.jpg,Physcial_damage_generated,Physcial_damage_generated,True,0.961,C:\Users\BALU\OneDrive\Desktop\solar_panel\dataset\PRoject\Physcial_damage_generated\Physical (22)_aug_7.jpg
Imgclean_284_0.jpg,Clean,Clean,True,0.8706,C:\Users\BALU\OneDrive\Desktop\solar_panel\dataset\PRoject\Clean\Imgclean_284_0.jpg
Dust (92).jpg,Dusty,Dusty,True,0.8322,C:\Users\BALU\OneDrive\Desktop\solar_panel\dataset\PRoject\Dusty\Dust (92).jpg
Imgdirty_693_1.jpg,Dusty,Dusty,True,0.9471,C:\Users\BALU\OneDrive\Desktop\solar_panel\dataset\PRoject\Dusty\Imgdirty_693_1.jpg
dirty-rooftop-solar-panels-covered-260nw-2497398187_aug_4.jpg,Bird_drop_generateds,Bird_drop_generateds,True,0.9794,C:\Users\BALU\OneDrive\Desktop\solar_panel\dataset\PRoject\Bird_drop_generateds\dirty-rooftop-solar-panels-covered-260nw-2497398187_aug_4.jpg
Imgclean_180_0.jpg,Clean,Clean,True,0.9841,C:\Users\BALU\OneDrive\Desktop\solar_panel\dataset\PRoject\Clean\Imgclean_180_0.jpg
Imgclean_424_0.jpg,Clean,Clean,True,0.9881,C:\Users\BALU\OneDrive\Desktop\solar_panel\dataset\PRoject\Clean\Imgclean_424_0.jpg
Snow (74)_aug_1.jpg,Snow_covered_generated,Snow_covered_generated,True,0.9994,C:\Users\BALU\OneDrive\Desktop\solar_panel\dataset\PRoject\Snow_covered_generated\Snow (74)_aug_1.jpg
rows-snow-covered-solar-panels-260nw-144299350_aug_3.jpg,Snow_covered_generated,Snow_covered_generated,True,0.9995,C:\Users\BALU\OneDrive\Desktop\solar_panel\dataset\PRoject\Snow_covered_generated\rows-snow-covered-solar-panels-260nw-144299350_aug_3.jpg
Snow (75)_aug_1.jpg,Snow_covered_generated,Snow_covered_generated,True,0.9843,C:\Users\BALU\OneDrive\Desktop\solar_panel\dataset\PRoject\Snow_covered_generated\Snow (75)_aug_1.jpg
Bird (123)_aug_4.jpg,Bird_drop_generateds,Bird_drop_generateds,True,0.9158,C:\Users\BALU\OneDrive\Desktop\solar_panel\dataset\PRoject\Bird_drop_generateds\Bird (123)_aug_4.jpg
Imgclean_682_0.jpg,Clean,Clean,True,0.7266,C:\Users\BALU\OneDrive\Desktop\solar_panel\dataset\PRoject\Clean\Imgclean_682_0.jpg
Imgdirty_651_1.jpg,Dusty,Dusty,True,0.7238,C:\Users\BALU\OneDrive\Desktop\solar_panel\dataset\PRoject\Dusty\Imgdirty_651_1.jpg
Bird (128)_aug_1.jpg,Bird_drop_generateds,Bird_drop_generateds,True,0.8415,C:\Users\BALU\OneDrive\Desktop\solar_panel\dataset\PRoject\Bird_drop_generateds\Bird (128)_aug_1.jpg
Imgclean_348_0.jpg,Clean,Clean,True,0.9255,C:\Users\BALU\OneDrive\Desktop\solar_panel\dataset\PRoject\Clean\Imgclean_348_0.jpg
Bird (98)_aug_0.jpg,Bird_drop_generateds,Bird_drop_generateds,True,0.684,C:\Users\BALU\OneDrive\Desktop\solar_panel\dataset\PRoject\Bird_drop_generateds\Bird (98)_aug_0.jpg
Imgclean_871_0.jpg,Clean,Clean,True,0.9749,C:\Users\BALU\OneDrive\Desktop\solar_panel\dataset\PRoject\Clean\Imgclean_871_0.jpg
Imgdirty_535_1.jpg,Dusty,Bird_drop_generateds,False,0.9216,C:\Users\BALU\OneDrive\Desktop\solar_panel\dataset\PRoject\Dusty\Imgdirty_535_1.jpg
Imgclean_1432_0.jpg,Clean,Clean,True,0.8038,C:\Users\BALU\OneDrive\Desktop\solar_panel\dataset\PRoject\Clean\Imgclean_1432_0.jpg
Bird (111)_aug_1.jpg,Bird_drop_generateds,Bird_drop_generateds,True,0.9563,C:\Users\BALU\OneDrive\Desktop\solar_panel\dataset\PRoject\Bird_drop_generateds\Bird (111)_aug_1.jpg
Bird (48)_aug_4.jpg,Bird_drop_generateds,Bird_drop_generateds,True,0.9927,C:\Users\BALU\OneDrive\Desktop\solar_panel\dataset\PRoject\Bird_drop_generateds\Bird (48)_aug_4.jpg
Imgdirty_895_1.jpg,Dusty,Dusty,True,0.9992,C:\Users\BALU\OneDrive\Desktop\solar_panel\dataset\PRoject\Dusty\Imgdirty_895_1.jpg
Physical (25)_aug_0.jpg,Physcial_damage_generated,Physcial_damage_generated,True,0.9984,C:\Users\BALU\OneDrive\Desktop\solar_panel\dataset\PRoject\Physcial_damage_generated\Physical (25)_aug_0.jpg
Imgclean_402_0.jpg,Clean,Clean,True,0.9745,C:\Users\BALU\OneDrive\Desktop\solar_panel\dataset\PRoject\Clean\Imgclean_402_0.jpg
Imgclean_1022_0.jpg,Clean,Clean,True,0.887,C:\Users\BALU\OneDrive\Desktop\solar_panel\dataset\PRoject\Clean\Imgclean_1022_0.jpg
Imgdirty_197_1.jpg,Dusty,Dusty,True,0.9853,C:\Users\BALU\OneDrive\Desktop\solar_panel\dataset\PRoject\Dusty\Imgdirty_197_1.jpg
Electrical (44)_aug_1.jpg,Electrical_damage_generated,Electrical_damage_generated,True,0.974,C:\Users\BALU\OneDrive\Desktop\solar_panel\dataset\PRoject\Electrical_damage_generated\Electrical (44)_aug_1.jpg
Imgdirty_682_1.jpg,Dusty,Bird_drop_generateds,False,0.8843,C:\Users\BALU\OneDrive\Desktop\solar_panel\dataset\PRoject\Dusty\Imgdirty_682_1.jpg
Snow (77)_aug_3.jpg,Snow_covered_generated,Snow_covered_generated,True,0.9881,C:\Users\BALU\OneDrive\Desktop\solar_panel\dataset\PRoject\Snow_covered_generated\Snow (77)_aug_3.jpg
Bird (10)_aug_2.jpg,Bird_drop_generateds,Bird_drop_generateds,True,0.9521,C:\Users\BALU\OneDrive\Desktop\solar_panel\dataset\PRoject\Bird_drop_generateds\Bird (10)_aug_2.jpg
Imgclean_667_0.jpg,Clean,Clean,True,0.5294,C:\Users\BALU\OneDrive\Desktop\solar_panel\dataset\PRoject\Clean\Imgclean_667_0.jpg
Snow (121)_aug_4.jpg,Snow_covered_generated,Physcial_damage_generated,False,0.4061,C:\Users\BALU\OneDrive\Desktop\solar_panel\dataset\PRoject\Snow_covered_generated\Snow (121)_aug_4.jpg
Imgdirty_983_1.jpg,Dusty,Clean,False,0.7589,C:\Users\BALU\OneDrive\Desktop\solar_panel\dataset\PRoject\Dusty\Imgdirty_983_1.jpg
close-photo-damaged-solar-panel-260nw-2425903383_aug_3.jpg,Physcial_damage_generated,Physcial_damage_generated,True,1.0,C:\Users\BALU\OneDrive\Desktop\solar_panel\dataset\PRoject\Physcial_damage_generated\close-photo-damaged-solar-panel-260nw-2425903383_aug_3.jpg
Imgclean_943_0.jpg,Clean,Clean,True,0.9526,C:\Users\BALU\OneDrive\Desktop\solar_panel\dataset\PRoject\Clean\Imgclean_943_0.jpg
Imgdirty_526_1.jpg,Dusty,Dusty,True,0.9969,C:\Users\BALU\OneDrive\Desktop\solar_panel\dataset\PRoject\Dusty\Imgdirty_526_1.jpg
Snow (109)_aug_2.jpg,Snow_covered_generated,Snow_covered_generated,True,0.9954,C:\Users\BALU\OneDrive\Desktop\solar_panel\dataset\PRoject\Snow_covered_generated\Snow (109)_aug_2.jpg
Imgclean_1489_0.jpg,Clean,Dusty,False,0.9746,C:\Users\BALU\OneDrive\Desktop\solar_panel\dataset\PRoject\Clean\Imgclean_1489_0.jpg
Imgclean_685_0.jpg,Clean,Clean,True,0.7144,C:\Users\BALU\OneDrive\Desktop\solar_panel\dataset\PRoject\Clean\Imgclean_685_0.jpg
broken-destroyed-cracked-hole-solar-260nw-2220440457_aug_3.jpg,Physcial_damage_generated,Physcial_damage_generated,True,0.9999,C:\Users\BALU\OneDrive\Desktop\solar_panel\dataset\PRoject\Physcial_damage_generated\broken-destroyed-cracked-hole-solar-260nw-2220440457_aug_3.jpg
Physical (13)_aug_7.jpg,Physcial_damage_generated,Physcial_damage_generated,True,0.997,C:\Users\BALU\OneDrive\Desktop\solar_panel\dataset\PRoject\Physcial_damage_generated\Physical (13)_aug_7.jpg
Snow (78)_aug_3.jpg,Snow_covered_generated,Snow_covered_generated,True,0.9985,C:\Users\BALU\OneDrive\Desktop\solar_panel\dataset\PRoject\Snow_covered_generated\Snow (78)_aug_3.jpg
Clean (45).jpg,Clean,Clean,True,0.9834,C:\Users\BALU\OneDrive\Desktop\solar_panel\dataset\PRoject\Clean\Clean (45).jpg
Electrical (35)_aug_4 - Copy.jpg,Electrical_damage_generated,Electrical_damage_generated,True,0.9772,C:\Users\BALU\OneDrive\Desktop\solar_panel\dataset\PRoject\Electrical_damage_generated\Electrical (35)_aug_4 - Copy.jpg
Electrical (93)_aug_4 - Copy.jpg,Electrical_damage_generated,Electrical_damage_generated,True,0.9994,C:\Users\BALU\OneDrive\Desktop\solar_panel\dataset\PRoject\Electrical_damage_generated\Electrical (93)_aug_4 - Copy.jpg
Snow (37)_aug_2.jpg,Snow_covered_generated,Snow_covered_generated,True,0.9997,C:\Users\BALU\OneDrive\Desktop\solar_panel\dataset\PRoject\Snow_covered_generated\Snow (37)_aug_2.jpg
upper-surface-solar-rooftop-which-260nw-2325680141_aug_0.jpg,Bird_drop_generateds,Bird_drop_generateds,True,0.9674,C:\Users\BALU\OneDrive\Desktop\solar_panel\dataset\PRoject\Bird_drop_generateds\upper-surface-solar-rooftop-which-260nw-2325680141_aug_0.jpg
Bird (121)_aug_1.jpg,Bird_drop_generateds,Bird_drop_generateds,True,0.6185,C:\Users\BALU\OneDrive\Desktop\solar_panel\dataset\PRoject\Bird_drop_generateds\Bird (121)_aug_1.jpg
Electrical (84)_aug_2 - Copy.jpg,Electrical_damage_generated,Electrical_damage_generated,True,0.9973,C:\Users\BALU\OneDrive\Desktop\solar_panel\dataset\PRoject\Electrical_damage_generated\Electrical (84)_aug_2 - Copy.jpg
snowcovered-solar-panels-on-rooftop-260nw-2586920775_aug_0.jpg,Snow_covered_generated,Snow_covered_generated,True,0.9994,C:\Users\BALU\OneDrive\Desktop\solar_panel\dataset\PRoject\Snow_covered_generated\snowcovered-solar-panels-on-rooftop-260nw-2586920775_aug_0.jpg
solar-panels-broken-by-lightning-260nw-1088980745_aug_8.jpg,Physcial_damage_generated,Physcial_damage_generated,True,0.9992,C:\Users\BALU\OneDrive\Desktop\solar_panel\dataset\PRoject\Physcial_damage_generated\solar-panels-broken-by-lightning-260nw-1088980745_aug_8.jpg
dirty-rooftop-solar-panels-covered-260nw-2503344043_aug_4.jpg,Bird_drop_generateds,Bird_drop_generateds,True,0.9827,C:\Users\BALU\OneDrive\Desktop\solar_panel\dataset\PRoject\Bird_drop_generateds\dirty-rooftop-solar-panels-covered-260nw-2503344043_aug_4.jpg
Bird (163)_aug_2.jpg,Bird_drop_generateds,Bird_drop_generateds,True,0.9927,C:\Users\BALU\OneDrive\Desktop\solar_panel\dataset\PRoject\Bird_drop_generateds\Bird (163)_aug_2.jpg
Electrical (76)_aug_1 - Copy.jpg,Electrical_damage_generated,Electrical_damage_generated,True,0.9992,C:\Users\BALU\OneDrive\Desktop\solar_panel\dataset\PRoject\Electrical_damage_generated\Electrical (76)_aug_1 - Copy.jpg
14_aug_1.jpg,Bird_drop_generateds,Bird_drop_generateds,True,0.944,C:\Users\BALU\OneDrive\Desktop\solar_panel\dataset\PRoject\Bird_drop_generateds\14_aug_1.jpg
Imgdirty_686_1.jpg,Dusty,Dusty,True,0.6158,C:\Users\BALU\OneDrive\Desktop\solar_panel\dataset\PRoject\Dusty\Imgdirty_686_1.jpg
detailed-view-broken-solar-panel-260nw-2595952215_aug_8.jpg,Physcial_damage_generated,Physcial_damage_generated,True,0.9998,C:\Users\BALU\OneDrive\Desktop\solar_panel\dataset\PRoject\Physcial_damage_generated\detailed-view-broken-solar-panel-260nw-2595952215_aug_8.jpg
broken-destroyed-solar-panel-cell-260nw-2332211579_aug_7.jpg,Physcial_damage_generated,Physcial_damage_generated,True,0.9985,C:\Users\BALU\OneDrive\Desktop\solar_panel\dataset\PRoject\Physcial_damage_generated\broken-destroyed-solar-panel-cell-260nw-2332211579_aug_7.jpg
Imgdirty_100_1.jpg,Dusty,Clean,False,0.9718,C:\Users\BALU\OneDrive\Desktop\solar_panel\dataset\PRoject\Dusty\Imgdirty_100_1.jpg
Electrical (58)_aug_0.jpg,Electrical_damage_generated,Electrical_damage_generated,True,1.0,C:\Users\BALU\OneDrive\Desktop\solar_panel\dataset\PRoject\Electrical_damage_generated\Electrical (58)_aug_0.jpg
Snow (93)_aug_1.jpg,Snow_covered_generated,Snow_covered_generated,True,0.849,C:\Users\BALU\OneDrive\Desktop\solar_panel\dataset\PRoject\Snow_covered_generated\Snow (93)_aug_1.jpg
Electrical (6)_aug_4 - Copy.jpg,Electrical_damage_generated,Electrical_damage_generated,True,0.9945,C:\Users\BALU\OneDrive\Desktop\solar_panel\dataset\PRoject\Electrical_damage_generated\Electrical (6)_aug_4 - Copy.jpg
Imgclean_75_0.jpg,Clean,Clean,True,0.9931,C:\Users\BALU\OneDrive\Desktop\solar_panel\dataset\PRoject\Clean\Imgclean_75_0.jpg
Snow (47)_aug_1.jpg,Snow_covered_generated,Snow_covered_generated,True,0.992,C:\Users\BALU\OneDrive\Desktop\solar_panel\dataset\PRoject\Snow_covered_generated\Snow (47)_aug_1.jpg
Bird (176)_aug_1.jpg,Bird_drop_generateds,Bird_drop_generateds,True,0.8952,C:\Users\BALU\OneDrive\Desktop\solar_panel\dataset\PRoject\Bird_drop_generateds\Bird (176)_aug_1.jpg
Electrical (20)_aug_3 - Copy.jpg,Electrical_damage_generated,Electrical_damage_generated,True,0.9999,C:\Users\BALU\OneDrive\Desktop\solar_panel\dataset\PRoject\Electrical_damage_generated\Electrical (20)_aug_3 - Copy.jpg
Imgdirty_487_1.jpg,Dusty,Dusty,True,0.817,C:\Users\BALU\OneDrive\Desktop\solar_panel\dataset\PRoject\Dusty\Imgdirty_487_1.jpg
Imgdirty_85_1.jpg,Dusty,Dusty,True,0.5099,C:\Users\BALU\OneDrive\Desktop\solar_panel\dataset\PRoject\Dusty\Imgdirty_85_1.jpg
Imgdirty_621_1.jpg,Dusty,Dusty,True,0.8335,C:\Users\BALU\OneDrive\Desktop\solar_panel\dataset\PRoject\Dusty\Imgdirty_621_1.jpg
dirty-rooftop-solar-panels-covered-260nw-2503552033_aug_4.jpg,Bird_drop_generateds,Bird_drop_generateds,True,0.9521,C:\Users\BALU\OneDrive\Desktop\solar_panel\dataset\PRoject\Bird_drop_generateds\dirty-rooftop-solar-panels-covered-260nw-2503552033_aug_4.jpg
Imgclean_340_0.jpg,Clean,Clean,True,0.8899,C:\Users\BALU\OneDrive\Desktop\solar_panel\dataset\PRoject\Clean\Imgclean_340_0.jpg
Dust (21).jpg,Dusty,Dusty,True,0.9987,C:\Users\BALU\OneDrive\Desktop\solar_panel\dataset\PRoject\Dusty\Dust (21).jpg
snowy-solar-panels-on-roof-260nw-186955757_aug_0.jpg,Snow_covered_generated,Bird_drop_generateds,False,0.6155,C:\Users\BALU\OneDrive\Desktop\solar_panel\dataset\PRoject\Snow_covered_generated\snowy-solar-panels-on-roof-260nw-186955757_aug_0.jpg
engineer-hand-inspecting-damaging-power-260nw-1331256458_aug_2.jpg,Physcial_damage_generated,Physcial_damage_generated,True,0.9116,C:\Users\BALU\OneDrive\Desktop\solar_panel\dataset\PRoject\Physcial_damage_generated\engineer-hand-inspecting-damaging-power-260nw-1331256458_aug_2.jpg
snowcovered-roofs-winter-snow-slowly-260nw-2590576397_aug_0.jpg,Snow_covered_generated,Snow_covered_generated,True,0.9761,C:\Users\BALU\OneDrive\Desktop\solar_panel\dataset\PRoject\Snow_covered_generated\snowcovered-roofs-winter-snow-slowly-260nw-2590576397_aug_0.jpg
Bird (40)_aug_4.jpg,Bird_drop_generateds,Bird_drop_generateds,True,0.9383,C:\Users\BALU\OneDrive\Desktop\solar_panel\dataset\PRoject\Bird_drop_generateds\Bird (40)_aug_4.jpg
Bird (80)_aug_4.jpg,Bird_drop_generateds,Dusty,False,0.6689,C:\Users\BALU\OneDrive\Desktop\solar_panel\dataset\PRoject\Bird_drop_generateds\Bird (80)_aug_4.jpg
Physical (53)_aug_9.jpg,Physcial_damage_generated,Physcial_damage_generated,True,0.9886,C:\Users\BALU\OneDrive\Desktop\solar_panel\dataset\PRoject\Physcial_damage_generated\Physical (53)_aug_9.jpg
Snow (85)_aug_2.jpg,Snow_covered_generated,Snow_covered_generated,True,0.9999,C:\Users\BALU\OneDrive\Desktop\solar_panel\dataset\PRoject\Snow_covered_generated\Snow (85)_aug_2.jpg
Imgclean_1324_0.jpg,Clean,Clean,True,0.5767,C:\Users\BALU\OneDrive\Desktop\solar_panel\dataset\PRoject\Clean\Imgclean_1324_0.jpg
Dust (25).jpg,Dusty,Dusty,True,0.9966,C:\Users\BALU\OneDrive\Desktop\solar_panel\dataset\PRoject\Dusty\Dust (25).jpg
broken-down-photovoltaic-solar-panels-260nw-2375078151_aug_3.jpg,Physcial_damage_generated,Physcial_damage_generated,True,0.9874,C:\Users\BALU\OneDrive\Desktop\solar_panel\dataset\PRoject\Physcial_damage_generated\broken-down-photovoltaic-solar-panels-260nw-2375078151_aug_3.jpg
solar-panels-visible-hail-damage-260nw-2495884713_aug_4.jpg,Physcial_damage_generated,Physcial_damage_generated,True,0.9813,C:\Users\BALU\OneDrive\Desktop\solar_panel\dataset\PRoject\Physcial_damage_generated\solar-panels-visible-hail-damage-260nw-2495884713_aug_4.jpg
Physical (54)_aug_4.jpg,Physcial_damage_generated,Physcial_damage_generated,True,0.8725,C:\Users\BALU\OneDrive\Desktop\solar_panel\dataset\PRoject\Physcial_damage_generated\Physical (54)_aug_4.jpg
Imgdirty_935_1.jpg,Dusty,Bird_drop_generateds,False,0.6944,C:\Users\BALU\OneDrive\Desktop\solar_panel\dataset\PRoject\Dusty\Imgdirty_935_1.jpg
Electrical (94)_aug_1 - Copy.jpg,Electrical_damage_generated,Electrical_damage_generated,True,0.9994,C:\Users\BALU\OneDrive\Desktop\solar_panel\dataset\PRoject\Electrical_damage_generated\Electrical (94)_aug_1 - Copy.jpg
Bird (37)_aug_1.jpg,Bird_drop_generateds,Bird_drop_generateds,True,0.9909,C:\Users\BALU\OneDrive\Desktop\solar_panel\dataset\PRoject\Bird_drop_generateds\Bird (37)_aug_1.jpg
Imgclean_351_0.jpg,Clean,Clean,True,0.9092,C:\Users\BALU\OneDrive\Desktop\solar_panel\dataset\PRoject\Clean\Imgclean_351_0.jpg
Bird (193)_aug_4.jpg,Bird_drop_generateds,Bird_drop_generateds,True,0.958,C:\Users\BALU\OneDrive\Desktop\solar_panel\dataset\PRoject\Bird_drop_generateds\Bird (193)_aug_4.jpg
Bird (31)_aug_3.jpg,Bird_drop_generateds,Bird_drop_generateds,True,0.847,C:\Users\BALU\OneDrive\Desktop\solar_panel\dataset\PRoject\Bird_drop_generateds\Bird (31)_aug_3.jpg
Imgdirty_86_1.jpg,Dusty,Dusty,True,0.6837,C:\Users\BALU\OneDrive\Desktop\solar_panel\dataset\PRoject\Dusty\Imgdirty_86_1.jpg
Electrical (52)_aug_4.jpg,Electrical_damage_generated,Electrical_damage_generated,True,0.9948,C:\Users\BALU\OneDrive\Desktop\solar_panel\dataset\PRoject\Electrical_damage_generated\Electrical (52)_aug_4.jpg
Snow (62)_aug_0.jpg,Snow_covered_generated,Snow_covered_generated,True,0.9992,C:\Users\BALU\OneDrive\Desktop\solar_panel\dataset\PRoject\Snow_covered_generated\Snow (62)_aug_0.jpg
Dust (119).jpg,Dusty,Dusty,True,0.8451,C:\Users\BALU\OneDrive\Desktop\solar_panel\dataset\PRoject\Dusty\Dust (119).jpg
Imgdirty_104_1.jpg,Dusty,Clean,False,0.7821,C:\Users\BALU\OneDrive\Desktop\solar_panel\dataset\PRoject\Dusty\Imgdirty_104_1.jpg
Electrical (25)_aug_0 - Copy.jpg,Electrical_damage_generated,Electrical_damage_generated,True,0.9999,C:\Users\BALU\OneDrive\Desktop\solar_panel\dataset\PRoject\Electrical_damage_generated\Electrical (25)_aug_0 - Copy.jpg
Imgclean_935_0.jpg,Clean,Clean,True,0.9092,C:\Users\BALU\OneDrive\Desktop\solar_panel\dataset\PRoject\Clean\Imgclean_935_0.jpg
Bird (57)_aug_0.jpg,Bird_drop_generateds,Bird_drop_generateds,True,0.9396,C:\Users\BALU\OneDrive\Desktop\solar_panel\dataset\PRoject\Bird_drop_generateds\Bird (57)_aug_0.jpg
Snow (45)_aug_2.jpg,Snow_covered_generated,Snow_covered_generated,True,0.761,C:\Users\BALU\OneDrive\Desktop\solar_panel\dataset\PRoject\Snow_covered_generated\Snow (45)_aug_2.jpg
broken-solar-panels-on-white-260nw-2493354607_aug_6.jpg,Physcial_damage_generated,Physcial_damage_generated,True,0.9364,C:\Users\BALU\OneDrive\Desktop\solar_panel\dataset\PRoject\Physcial_damage_generated\broken-solar-panels-on-white-260nw-2493354607_aug_6.jpg
Imgclean_161_0.jpg,Clean,Clean,True,0.8429,C:\Users\BALU\OneDrive\Desktop\solar_panel\dataset\PRoject\Clean\Imgclean_161_0.jpg
solar-panels-broken-by-falling-260nw-663429238_aug_0.jpg,Physcial_damage_generated,Physcial_damage_generated,True,0.7012,C:\Users\BALU\OneDrive\Desktop\solar_panel\dataset\PRoject\Physcial_damage_generated\solar-panels-broken-by-falling-260nw-663429238_aug_0.jpg
Clean (132).jpg,Clean,Clean,True,0.9448,C:\Users\BALU\OneDrive\Desktop\solar_panel\dataset\PRoject\Clean\Clean (132).jpg
Snow (38)_aug_3.jpg,Snow_covered_generated,Snow_covered_generated,True,0.6854,C:\Users\BALU\OneDrive\Desktop\solar_panel\dataset\PRoject\Snow_covered_generated\Snow (38)_aug_3.jpg
Physical (18)_aug_8.jpg,Physcial_damage_generated,Physcial_damage_generated,True,0.9999,C:\Users\BALU\OneDrive\Desktop\solar_panel\dataset\PRoject\Physcial_damage_generated\Physical (18)_aug_8.jpg
Imgdirty_35_1.jpg,Dusty,Dusty,True,0.6994,C:\Users\BALU\OneDrive\Desktop\solar_panel\dataset\PRoject\Dusty\Imgdirty_35_1.jpg
Bird (26)_aug_2.jpg,Bird_drop_generateds,Bird_drop_generateds,True,0.9958,C:\Users\BALU\OneDrive\Desktop\solar_panel\dataset\PRoject\Bird_drop_generateds\Bird (26)_aug_2.jpg
aerial-view-taken-helicopter-damaged-260nw-2096508733_aug_6.jpg,Physcial_damage_generated,Physcial_damage_generated,True,0.9909,C:\Users\BALU\OneDrive\Desktop\solar_panel\dataset\PRoject\Physcial_damage_generated\aerial-view-taken-helicopter-damaged-260nw-2096508733_aug_6.jpg
Bird (56)_aug_4.jpg,Bird_drop_generateds,Bird_drop_generateds,True,0.9613,C:\Users\BALU\OneDrive\Desktop\solar_panel\dataset\PRoject\Bird_drop_generateds\Bird (56)_aug_4.jpg
top-view-destroyed-by-hurricane-260nw-2443929751_aug_0.jpg,Physcial_damage_generated,Physcial_damage_generated,True,0.9936,C:\Users\BALU\OneDrive\Desktop\solar_panel\dataset\PRoject\Physcial_damage_generated\top-view-destroyed-by-hurricane-260nw-2443929751_aug_0.jpg
Bird (147)_aug_0.jpg,Bird_drop_generateds,Bird_drop_generateds,True,0.9725,C:\Users\BALU\OneDrive\Desktop\solar_panel\dataset\PRoject\Bird_drop_generateds\Bird (147)_aug_0.jpg
Bird (98)_aug_1.jpg,Bird_drop_generateds,Bird_drop_generateds,True,0.979,C:\Users\BALU\OneDrive\Desktop\solar_panel\dataset\PRoject\Bird_drop_generateds\Bird (98)_aug_1.jpg
Snow (118)_aug_2.jpg,Snow_covered_generated,Snow_covered_generated,True,0.8909,C:\Users\BALU\OneDrive\Desktop\solar_panel\dataset\PRoject\Snow_covered_generated\Snow (118)_aug_2.jpg
Physical (31)_aug_4.jpg,Physcial_damage_generated,Physcial_damage_generated,True,0.998,C:\Users\BALU\OneDrive\Desktop\solar_panel\dataset\PRoject\Physcial_damage_generated\Physical (31)_aug_4.jpg
Bird (118)_aug_4.jpg,Bird_drop_generateds,Bird_drop_generateds,True,0.8153,C:\Users\BALU\OneDrive\Desktop\solar_panel\dataset\PRoject\Bird_drop_generateds\Bird (118)_aug_4.jpg
Electrical (28)_aug_3 - Copy.jpg,Electrical_damage_generated,Electrical_damage_generated,True,0.996,C:\Users\BALU\OneDrive\Desktop\solar_panel\dataset\PRoject\Electrical_damage_generated\Electrical (28)_aug_3 - Copy.jpg
single-pigeon-perches-on-roof-260nw-2425384537_aug_3.jpg,Bird_drop_generateds,Bird_drop_generateds,True,0.94,C:\Users\BALU\OneDrive\Desktop\solar_panel\dataset\PRoject\Bird_drop_generateds\single-pigeon-perches-on-roof-260nw-2425384537_aug_3.jpg
dirty-rooftop-solar-panels-covered-260nw-2503344043_aug_3.jpg,Bird_drop_generateds,Bird_drop_generateds,True,0.9417,C:\Users\BALU\OneDrive\Desktop\solar_panel\dataset\PRoject\Bird_drop_generateds\dirty-rooftop-solar-panels-covered-260nw-2503344043_aug_3.jpg
Imgclean_1447_0.jpg,Clean,Bird_drop_generateds,False,0.3575,C:\Users\BALU\OneDrive\Desktop\solar_panel\dataset\PRoject\Clean\Imgclean_1447_0.jpg
Physical (22)_aug_3.jpg,Physcial_damage_generated,Physcial_damage_generated,True,0.9643,C:\Users\BALU\OneDrive\Desktop\solar_panel\dataset\PRoject\Physcial_damage_generated\Physical (22)_aug_3.jpg
Imgclean_587_0.jpg,Clean,Clean,True,0.8666,C:\Users\BALU\OneDrive\Desktop\solar_panel\dataset\PRoject\Clean\Imgclean_587_0.jpg
dirty-rooftop-solar-panels-covered-260nw-2505545325 (1)_aug_4.jpg,Bird_drop_generateds,Bird_drop_generateds,True,0.9429,C:\Users\BALU\OneDrive\Desktop\solar_panel\dataset\PRoject\Bird_drop_generateds\dirty-rooftop-solar-panels-covered-260nw-2505545325 (1)_aug_4.jpg
Imgclean_211_0.jpg,Clean,Clean,True,0.988,C:\Users\BALU\OneDrive\Desktop\solar_panel\dataset\PRoject\Clean\Imgclean_211_0.jpg
Electrical (2)_aug_2 - Copy.jpg,Electrical_damage_generated,Electrical_damage_generated,True,1.0,C:\Users\BALU\OneDrive\Desktop\solar_panel\dataset\PRoject\Electrical_damage_generated\Electrical (2)_aug_2 - Copy.jpg
Imgdirty_116_1.jpg,Dusty,Dusty,True,0.8873,C:\Users\BALU\OneDrive\Desktop\solar_panel\dataset\PRoject\Dusty\Imgdirty_116_1.jpg
Imgclean_707_0.jpg,Clean,Clean,True,0.983,C:\Users\BALU\OneDrive\Desktop\solar_panel\dataset\PRoject\Clean\Imgclean_707_0.jpg
Bird (97)_aug_2.jpg,Bird_drop_generateds,Bird_drop_generateds,True,0.7074,C:\Users\BALU\OneDrive\Desktop\solar_panel\dataset\PRoject\Bird_drop_generateds\Bird (97)_aug_2.jpg
Imgdirty_160_1.jpg,Dusty,Clean,False,0.6937,C:\Users\BALU\OneDrive\Desktop\solar_panel\dataset\PRoject\Dusty\Imgdirty_160_1.jpg
Imgdirty_461_1.jpg,Dusty,Dusty,True,0.9509,C:\Users\BALU\OneDrive\Desktop\solar_panel\dataset\PRoject\Dusty\Imgdirty_461_1.jpg
Imgdirty_901_1.jpg,Dusty,Bird_drop_generateds,False,0.63,C:\Users\BALU\OneDrive\Desktop\solar_panel\dataset\PRoject\Dusty\Imgdirty_901_1.jpg
Bird (111)_aug_0.jpg,Bird_drop_generateds,Bird_drop_generateds,True,0.9927,C:\Users\BALU\OneDrive\Desktop\solar_panel\dataset\PRoject\Bird_drop_generateds\Bird (111)_aug_0.jpg
Imgclean_1451_0.jpg,Clean,Clean,True,0.9654,C:\Users\BALU\OneDrive\Desktop\solar_panel\dataset\PRoject\Clean\Imgclean_1451_0.jpg
Electrical (44)_aug_3 - Copy.jpg,Electrical_damage_generated,Electrical_damage_generated,True,0.9988,C:\Users\BALU\OneDrive\Desktop\solar_panel\dataset\PRoject\Electrical_damage_generated\Electrical (44)_aug_3 - Copy.jpg
dirty-rooftop-solar-panels-covered-260nw-2503500091 (1)_aug_2.jpg,Bird_drop_generateds,Bird_drop_generateds,True,0.9964,C:\Users\BALU\OneDrive\Desktop\solar_panel\dataset\PRoject\Bird_drop_generateds\dirty-rooftop-solar-panels-covered-260nw-2503500091 (1)_aug_2.jpg
photovoltaic-panels-dirty-dust-birds-260nw-1929021080_aug_0.jpg,Bird_drop_generateds,Bird_drop_generateds,True,0.5385,C:\Users\BALU\OneDrive\Desktop\solar_panel\dataset\PRoject\Bird_drop_generateds\photovoltaic-panels-dirty-dust-birds-260nw-1929021080_aug_0.jpg
upper-surface-solar-rooftop-which-260nw-2325680141 (1)_aug_2.jpg,Bird_drop_generateds,Bird_drop_generateds,True,0.9329,C:\Users\BALU\OneDrive\Desktop\solar_panel\dataset\PRoject\Bird_drop_generateds\upper-surface-solar-rooftop-which-260nw-2325680141 (1)_aug_2.jpg
Imgdirty_872_1.jpg,Dusty,Dusty,True,0.4682,C:\Users\BALU\OneDrive\Desktop\solar_panel\dataset\PRoject\Dusty\Imgdirty_872_1.jpg
dirty-rooftop-solar-panels-covered-260nw-2504133283 (1)_aug_1.jpg,Bird_drop_generateds,Bird_drop_generateds,True,0.9779,C:\Users\BALU\OneDrive\Desktop\solar_panel\dataset\PRoject\Bird_drop_generateds\dirty-rooftop-solar-panels-covered-260nw-2504133283 (1)_aug_1.jpg
Imgclean_1359_0.jpg,Clean,Clean,True,0.8263,C:\Users\BALU\OneDrive\Desktop\solar_panel\dataset\PRoject\Clean\Imgclean_1359_0.jpg
Bird (36)_aug_1.jpg,Bird_drop_generateds,Bird_drop_generateds,True,0.9885,C:\Users\BALU\OneDrive\Desktop\solar_panel\dataset\PRoject\Bird_drop_generateds\Bird (36)_aug_1.jpg
Imgclean_1300_0.jpg,Clean,Clean,True,0.8983,C:\Users\BALU\OneDrive\Desktop\solar_panel\dataset\PRoject\Clean\Imgclean_1300_0.jpg
Imgclean_1128_0.jpg,Clean,Clean,True,0.9358,C:\Users\BALU\OneDrive\Desktop\solar_panel\dataset\PRoject\Clean\Imgclean_1128_0.jpg
Imgdirty_156_1.jpg,Dusty,Dusty,True,0.9498,C:\Users\BALU\OneDrive\Desktop\solar_panel\dataset\PRoject\Dusty\Imgdirty_156_1.jpg
Snow (67)_aug_4.jpg,Snow_covered_generated,Snow_covered_generated,True,0.9999,C:\Users\BALU\OneDrive\Desktop\solar_panel\dataset\PRoject\Snow_covered_generated\Snow (67)_aug_4.jpg
Clean (147).jpg,Clean,Clean,True,0.9619,C:\Users\BALU\OneDrive\Desktop\solar_panel\dataset\PRoject\Clean\Clean (147).jpg
Physical (44)_aug_0.jpg,Physcial_damage_generated,Physcial_damage_generated,True,1.0,C:\Users\BALU\OneDrive\Desktop\solar_panel\dataset\PRoject\Physcial_damage_generated\Physical (44)_aug_0.jpg
Imgclean_1015_0.jpg,Clean,Clean,True,0.917,C:\Users\BALU\OneDrive\Desktop\solar_panel\dataset\PRoject\Clean\Imgclean_1015_0.jpg
Bird (16)_aug_4.jpg,Bird_drop_generateds,Bird_drop_generateds,True,0.8439,C:\Users\BALU\OneDrive\Desktop\solar_panel\dataset\PRoject\Bird_drop_generateds\Bird (16)_aug_4.jpg
Physical (64)_aug_6.jpg,Physcial_damage_generated,Physcial_damage_generated,True,0.9729,C:\Users\BALU\OneDrive\Desktop\solar_panel\dataset\PRoject\Physcial_damage_generated\Physical (64)_aug_6.jpg
engineer-hand-inspecting-damaging-power-260nw-1331256458_aug_3.jpg,Physcial_damage_generated,Physcial_damage_generated,True,0.9795,C:\Users\BALU\OneDrive\Desktop\solar_panel\dataset\PRoject\Physcial_damage_generated\engineer-hand-inspecting-damaging-power-260nw-1331256458_aug_3.jpg
Imgclean_628_0.jpg,Clean,Dusty,False,0.5132,C:\Users\BALU\OneDrive\Desktop\solar_panel\dataset\PRoject\Clean\Imgclean_628_0.jpg
dirty-rooftop-solar-panels-covered-260nw-2497687687_aug_3.jpg,Bird_drop_generateds,Bird_drop_generateds,True,0.9924,C:\Users\BALU\OneDrive\Desktop\solar_panel\dataset\PRoject\Bird_drop_generateds\dirty-rooftop-solar-panels-covered-260nw-2497687687_aug_3.jpg
Electrical (53)_aug_0 - Copy.jpg,Electrical_damage_generated,Electrical_damage_generated,True,0.999,C:\Users\BALU\OneDrive\Desktop\solar_panel\dataset\PRoject\Electrical_damage_generated\Electrical (53)_aug_0 - Copy.jpg
Imgdirty_33_1.jpg,Dusty,Dusty,True,0.9966,C:\Users\BALU\OneDrive\Desktop\solar_panel\dataset\PRoject\Dusty\Imgdirty_33_1.jpg
Bird (31)_aug_4.jpg,Bird_drop_generateds,Bird_drop_generateds,True,0.806,C:\Users\BALU\OneDrive\Desktop\solar_panel\dataset\PRoject\Bird_drop_generateds\Bird (31)_aug_4.jpg
Imgclean_464_0.jpg,Clean,Clean,True,0.9092,C:\Users\BALU\OneDrive\Desktop\solar_panel\dataset\PRoject\Clean\Imgclean_464_0.jpg
Imgclean_1399_0.jpg,Clean,Clean,True,0.9213,C:\Users\BALU\OneDrive\Desktop\solar_panel\dataset\PRoject\Clean\Imgclean_1399_0.jpg
Imgdirty_716_1.jpg,Dusty,Dusty,True,0.9855,C:\Users\BALU\OneDrive\Desktop\solar_panel\dataset\PRoject\Dusty\Imgdirty_716_1.jpg
Bird (123)_aug_1.jpg,Bird_drop_generateds,Bird_drop_generateds,True,0.9704,C:\Users\BALU\OneDrive\Desktop\solar_panel\dataset\PRoject\Bird_drop_generateds\Bird (123)_aug_1.jpg
Imgclean_767_0.jpg,Clean,Clean,True,0.768,C:\Users\BALU\OneDrive\Desktop\solar_panel\dataset\PRoject\Clean\Imgclean_767_0.jpg
Physical (3)_aug_7.jpg,Physcial_damage_generated,Physcial_damage_generated,True,1.0,C:\Users\BALU\OneDrive\Desktop\solar_panel\dataset\PRoject\Physcial_damage_generated\Physical (3)_aug_7.jpg
Electrical (89)_aug_1.jpg,Electrical_damage_generated,Electrical_damage_generated,True,0.9291,C:\Users\BALU\OneDrive\Desktop\solar_panel\dataset\PRoject\Electrical_damage_generated\Electrical (89)_aug_1.jpg
Snow (120)_aug_4.jpg,Snow_covered_generated,Snow_covered_generated,True,0.9993,C:\Users\BALU\OneDrive\Desktop\solar_panel\dataset\PRoject\Snow_covered_generated\Snow (120)_aug_4.jpg
Imgclean_395_0.jpg,Clean,Clean,True,0.9784,C:\Users\BALU\OneDrive\Desktop\solar_panel\dataset\PRoject\Clean\Imgclean_395_0.jpg
Bird (58)_aug_0.jpg,Bird_drop_generateds,Bird_drop_generateds,True,0.9842,C:\Users\BALU\OneDrive\Desktop\solar_panel\dataset\PRoject\Bird_drop_generateds\Bird (58)_aug_0.jpg
Snow (116)_aug_1.jpg,Snow_covered_generated,Snow_covered_generated,True,0.9991,C:\Users\BALU\OneDrive\Desktop\solar_panel\dataset\PRoject\Snow_covered_generated\Snow (116)_aug_1.jpg
Dust (151).jpg,Dusty,Dusty,True,0.8948,C:\Users\BALU\OneDrive\Desktop\solar_panel\dataset\PRoject\Dusty\Dust (151).jpg
Bird (96)_aug_4.jpg,Bird_drop_generateds,Bird_drop_generateds,True,0.8655,C:\Users\BALU\OneDrive\Desktop\solar_panel\dataset\PRoject\Bird_drop_generateds\Bird (96)_aug_4.jpg
Snow (121)_aug_3.jpg,Snow_covered_generated,Snow_covered_generated,True,0.9477,C:\Users\BALU\OneDrive\Desktop\solar_panel\dataset\PRoject\Snow_covered_generated\Snow (121)_aug_3.jpg
dirty-rooftop-solar-panels-covered-260nw-2505545325_aug_0.jpg,Bird_drop_generateds,Bird_drop_generateds,True,0.9776,C:\Users\BALU\OneDrive\Desktop\solar_panel\dataset\PRoject\Bird_drop_generateds\dirty-rooftop-solar-panels-covered-260nw-2505545325_aug_0.jpg
Physical (37)_aug_3.jpg,Physcial_damage_generated,Physcial_damage_generated,True,0.6707,C:\Users\BALU\OneDrive\Desktop\solar_panel\dataset\PRoject\Physcial_damage_generated\Physical (37)_aug_3.jpg
Dust (52).jpg,Dusty,Dusty,True,0.8843,C:\Users\BALU\OneDrive\Desktop\solar_panel\dataset\PRoject\Dusty\Dust (52).jpg
Imgclean_636_0.jpg,Clean,Clean,True,0.8681,C:\Users\BALU\OneDrive\Desktop\solar_panel\dataset\PRoject\Clean\Imgclean_636_0.jpg
Imgdirty_463_1.jpg,Dusty,Dusty,True,0.9619,C:\Users\BALU\OneDrive\Desktop\solar_panel\dataset\PRoject\Dusty\Imgdirty_463_1.jpg
Electrical (48)_aug_4 - Copy.jpg,Electrical_damage_generated,Electrical_damage_generated,True,0.9991,C:\Users\BALU\OneDrive\Desktop\solar_panel\dataset\PRoject\Electrical_damage_generated\Electrical (48)_aug_4 - Copy.jpg
frozen-snow-covered-solar-panels-260nw-2549334089_aug_1.jpg,Snow_covered_generated,Snow_covered_generated,True,0.8974,C:\Users\BALU\OneDrive\Desktop\solar_panel\dataset\PRoject\Snow_covered_generated\frozen-snow-covered-solar-panels-260nw-2549334089_aug_1.jpg
Imgdirty_702_1.jpg,Dusty,Dusty,True,0.9921,C:\Users\BALU\OneDrive\Desktop\solar_panel\dataset\PRoject\Dusty\Imgdirty_702_1.jpg
Imgdirty_176_1.jpg,Dusty,Clean,False,0.757,C:\Users\BALU\OneDrive\Desktop\solar_panel\dataset\PRoject\Dusty\Imgdirty_176_1.jpg
Electrical (20)_aug_0.jpg,Electrical_damage_generated,Electrical_damage_generated,True,0.9988,C:\Users\BALU\OneDrive\Desktop\solar_panel\dataset\PRoject\Electrical_damage_generated\Electrical (20)_aug_0.jpg
Bird (196)_aug_2.jpg,Bird_drop_generateds,Bird_drop_generateds,True,0.9979,C:\Users\BALU\OneDrive\Desktop\solar_panel\dataset\PRoject\Bird_drop_generateds\Bird (196)_aug_2.jpg
Electrical (79)_aug_2 - Copy.jpg,Electrical_damage_generated,Electrical_damage_generated,True,0.997,C:\Users\BALU\OneDrive\Desktop\solar_panel\dataset\PRoject\Electrical_damage_generated\Electrical (79)_aug_2 - Copy.jpg
Clean (118).jpg,Clean,Clean,True,0.8823,C:\Users\BALU\OneDrive\Desktop\solar_panel\dataset\PRoject\Clean\Clean (118).jpg
view-roof-many-solar-cells-260nw-2566067711_aug_3.jpg,Snow_covered_generated,Snow_covered_generated,True,0.5323,C:\Users\BALU\OneDrive\Desktop\solar_panel\dataset\PRoject\Snow_covered_generated\view-roof-many-solar-cells-260nw-2566067711_aug_3.jpg
Bird (22)_aug_3.jpg,Bird_drop_generateds,Bird_drop_generateds,True,0.7699,C:\Users\BALU\OneDrive\Desktop\solar_panel\dataset\PRoject\Bird_drop_generateds\Bird (22)_aug_3.jpg
Imgdirty_1038_1.jpg,Dusty,Dusty,True,0.4984,C:\Users\BALU\OneDrive\Desktop\solar_panel\dataset\PRoject\Dusty\Imgdirty_1038_1.jpg
Electrical (87)_aug_1.jpg,Electrical_damage_generated,Electrical_damage_generated,True,0.9999,C:\Users\BALU\OneDrive\Desktop\solar_panel\dataset\PRoject\Electrical_damage_generated\Electrical (87)_aug_1.jpg
Snow (49)_aug_4.jpg,Snow_covered_generated,Snow_covered_generated,True,0.9903,C:\Users\BALU\OneDrive\Desktop\solar_panel\dataset\PRoject\Snow_covered_generated\Snow (49)_aug_4.jpg
Bird (48)_aug_2.jpg,Bird_drop_generateds,Bird_drop_generateds,True,0.9902,C:\Users\BALU\OneDrive\Desktop\solar_panel\dataset\PRoject\Bird_drop_generateds\Bird (48)_aug_2.jpg
Electrical (16)_aug_0 - Copy.jpg,Electrical_damage_generated,Electrical_damage_generated,True,0.9974,C:\Users\BALU\OneDrive\Desktop\solar_panel\dataset\PRoject\Electrical_damage_generated\Electrical (16)_aug_0 - Copy.jpg
Bird (198)_aug_1.jpg,Bird_drop_generateds,Bird_drop_generateds,True,0.7241,C:\Users\BALU\OneDrive\Desktop\solar_panel\dataset\PRoject\Bird_drop_generateds\Bird (198)_aug_1.jpg
Physical (17)_aug_7.jpg,Physcial_damage_generated,Physcial_damage_generated,True,0.9826,C:\Users\BALU\OneDrive\Desktop\solar_panel\dataset\PRoject\Physcial_damage_generated\Physical (17)_aug_7.jpg
Electrical (58)_aug_4.jpg,Electrical_damage_generated,Electrical_damage_generated,True,1.0,C:\Users\BALU\OneDrive\Desktop\solar_panel\dataset\PRoject\Electrical_damage_generated\Electrical (58)_aug_4.jpg
Snow (26)_aug_1.jpg,Snow_covered_generated,Snow_covered_generated,True,0.9999,C:\Users\BALU\OneDrive\Desktop\solar_panel\dataset\PRoject\Snow_covered_generated\Snow (26)_aug_1.jpg
Bird (13)_aug_3.jpg,Bird_drop_generateds,Bird_drop_generateds,True,0.9094,C:\Users\BALU\OneDrive\Desktop\solar_panel\dataset\PRoject\Bird_drop_generateds\Bird (13)_aug_3.jpg
Imgclean_1112_0.jpg,Clean,Clean,True,0.9719,C:\Users\BALU\OneDrive\Desktop\solar_panel\dataset\PRoject\Clean\Imgclean_1112_0.jpg
Imgdirty_707_1.jpg,Dusty,Dusty,True,0.9245,C:\Users\BALU\OneDrive\Desktop\solar_panel\dataset\PRoject\Dusty\Imgdirty_707_1.jpg
Imgclean_986_0.jpg,Clean,Clean,True,0.9973,C:\Users\BALU\OneDrive\Desktop\solar_panel\dataset\PRoject\Clean\Imgclean_986_0.jpg
Imgdirty_249_1.jpg,Dusty,Dusty,True,0.9957,C:\Users\BALU\OneDrive\Desktop\solar_panel\dataset\PRoject\Dusty\Imgdirty_249_1.jpg
snow-covered-solar-panels-problem-260nw-1918294493_aug_4.jpg,Snow_covered_generated,Snow_covered_generated,True,0.9938,C:\Users\BALU\OneDrive\Desktop\solar_panel\dataset\PRoject\Snow_covered_generated\snow-covered-solar-panels-problem-260nw-1918294493_aug_4.jpg
snowcovered-solar-panels-on-rooftop-260nw-2586920739_aug_3.jpg,Snow_covered_generated,Snow_covered_generated,True,0.9999,C:\Users\BALU\OneDrive\Desktop\solar_panel\dataset\PRoject\Snow_covered_generated\snowcovered-solar-panels-on-rooftop-260nw-2586920739_aug_3.jpg
Imgclean_1129_0.jpg,Clean,Clean,True,0.977,C:\Users\BALU\OneDrive\Desktop\solar_panel\dataset\PRoject\Clean\Imgclean_1129_0.jpg
Electrical (10)_aug_0 - Copy.jpg,Electrical_damage_generated,Electrical_damage_generated,True,0.9965,C:\Users\BALU\OneDrive\Desktop\solar_panel\dataset\PRoject\Electrical_damage_generated\Electrical (10)_aug_0 - Copy.jpg
upper-surface-solar-rooftop-which-260nw-2325680141 (1)_aug_1.jpg,Bird_drop_generateds,Bird_drop_generateds,True,0.9009,C:\Users\BALU\OneDrive\Desktop\solar_panel\dataset\PRoject\Bird_drop_generateds\upper-surface-solar-rooftop-which-260nw-2325680141 (1)_aug_1.jpg
Electrical (4)_aug_1 - Copy.jpg,Electrical_damage_generated,Electrical_damage_generated,True,0.6957,C:\Users\BALU\OneDrive\Desktop\solar_panel\dataset\PRoject\Electrical_damage_generated\Electrical (4)_aug_1 - Copy.jpg
Imgclean_1077_0.jpg,Clean,Clean,True,0.9536,C:\Users\BALU\OneDrive\Desktop\solar_panel\dataset\PRoject\Clean\Imgclean_1077_0.jpg
Imgdirty_713_1.jpg,Dusty,Dusty,True,0.7514,C:\Users\BALU\OneDrive\Desktop\solar_panel\dataset\PRoject\Dusty\Imgdirty_713_1.jpg
Electrical (92)_aug_0 - Copy.jpg,Electrical_damage_generated,Electrical_damage_generated,True,1.0,C:\Users\BALU\OneDrive\Desktop\solar_panel\dataset\PRoject\Electrical_damage_generated\Electrical (92)_aug_0 - Copy.jpg
Imgdirty_903_1.jpg,Dusty,Dusty,True,0.8348,C:\Users\BALU\OneDrive\Desktop\solar_panel\dataset\PRoject\Dusty\Imgdirty_903_1.jpg
garden-snow-covered-solar-panels-260nw-2549472445_aug_3.jpg,Snow_covered_generated,Snow_covered_generated,True,0.9869,C:\Users\BALU\OneDrive\Desktop\solar_panel\dataset\PRoject\Snow_covered_generated\garden-snow-covered-solar-panels-260nw-2549472445_aug_3.jpg
Electrical (21)_aug_2.jpg,Electrical_damage_generated,Electrical_damage_generated,True,0.9995,C:\Users\BALU\OneDrive\Desktop\solar_panel\dataset\PRoject\Electrical_damage_generated\Electrical (21)_aug_2.jpg
Electrical (7)_aug_1.jpg,Electrical_damage_generated,Electrical_damage_generated,True,0.9964,C:\Users\BALU\OneDrive\Desktop\solar_panel\dataset\PRoject\Electrical_damage_generated\Electrical (7)_aug_1.jpg
Imgdirty_607_1.jpg,Dusty,Dusty,True,0.7287,C:\Users\BALU\OneDrive\Desktop\solar_panel\dataset\PRoject\Dusty\Imgdirty_607_1.jpg
Electrical (56)_aug_3.jpg,Electrical_damage_generated,Electrical_damage_generated,True,0.9557,C:\Users\BALU\OneDrive\Desktop\solar_panel\dataset\PRoject\Electrical_damage_generated\Electrical (56)_aug_3.jpg
Imgclean_899_0.jpg,Clean,Clean,True,0.8104,C:\Users\BALU\OneDrive\Desktop\solar_panel\dataset\PRoject\Clean\Imgclean_899_0.jpg
Physical (37)_aug_5.jpg,Physcial_damage_generated,Bird_drop_generateds,False,0.8511,C:\Users\BALU\OneDrive\Desktop\solar_panel\dataset\PRoject\Physcial_damage_generated\Physical (37)_aug_5.jpg
Bird (28)_aug_4.jpg,Bird_drop_generateds,Bird_drop_generateds,True,0.9946,C:\Users\BALU\OneDrive\Desktop\solar_panel\dataset\PRoject\Bird_drop_generateds\Bird (28)_aug_4.jpg
Electrical (49)_aug_2 - Copy.jpg,Electrical_damage_generated,Electrical_damage_generated,True,0.9995,C:\Users\BALU\OneDrive\Desktop\solar_panel\dataset\PRoject\Electrical_damage_generated\Electrical (49)_aug_2 - Copy.jpg
Imgclean_16_0.jpg,Clean,Clean,True,0.9028,C:\Users\BALU\OneDrive\Desktop\solar_panel\dataset\PRoject\Clean\Imgclean_16_0.jpg
Physical (9)_aug_4.jpg,Physcial_damage_generated,Physcial_damage_generated,True,0.9821,C:\Users\BALU\OneDrive\Desktop\solar_panel\dataset\PRoject\Physcial_damage_generated\Physical (9)_aug_4.jpg
Imgclean_202_0.jpg,Clean,Clean,True,0.9753,C:\Users\BALU\OneDrive\Desktop\solar_panel\dataset\PRoject\Clean\Imgclean_202_0.jpg
Physical (6)_aug_8.jpg,Physcial_damage_generated,Physcial_damage_generated,True,0.9963,C:\Users\BALU\OneDrive\Desktop\solar_panel\dataset\PRoject\Physcial_damage_generated\Physical (6)_aug_8.jpg
Clean (131).jpg,Clean,Clean,True,0.8942,C:\Users\BALU\OneDrive\Desktop\solar_panel\dataset\PRoject\Clean\Clean (131).jpg
dirty-rooftop-solar-panels-covered-260nw-2504133307_aug_1.jpg,Bird_drop_generateds,Bird_drop_generateds,True,0.9867,C:\Users\BALU\OneDrive\Desktop\solar_panel\dataset\PRoject\Bird_drop_generateds\dirty-rooftop-solar-panels-covered-260nw-2504133307_aug_1.jpg
Snow (118)_aug_0.jpg,Snow_covered_generated,Snow_covered_generated,True,0.8586,C:\Users\BALU\OneDrive\Desktop\solar_panel\dataset\PRoject\Snow_covered_generated\Snow (118)_aug_0.jpg
Imgdirty_228_1.jpg,Dusty,Dusty,True,0.9324,C:\Users\BALU\OneDrive\Desktop\solar_panel\dataset\PRoject\Dusty\Imgdirty_228_1.jpg
Imgclean_1357_0.jpg,Clean,Clean,True,0.8636,C:\Users\BALU\OneDrive\Desktop\solar_panel\dataset\PRoject\Clean\Imgclean_1357_0.jpg
Imgclean_700_0.jpg,Clean,Clean,True,0.9522,C:\Users\BALU\OneDrive\Desktop\solar_panel\dataset\PRoject\Clean\Imgclean_700_0.jpg
Physical (26)_aug_6.jpg,Physcial_damage_generated,Physcial_damage_generated,True,0.9996,C:\Users\BALU\OneDrive\Desktop\solar_panel\dataset\PRoject\Physcial_damage_generated\Physical (26)_aug_6.jpg
Clean (99).jpg,Clean,Clean,True,0.9825,C:\Users\BALU\OneDrive\Desktop\solar_panel\dataset\PRoject\Clean\Clean (99).jpg
solar-panels-visible-hail-damage-260nw-2495884713_aug_3.jpg,Physcial_damage_generated,Physcial_damage_generated,True,0.8605,C:\Users\BALU\OneDrive\Desktop\solar_panel\dataset\PRoject\Physcial_damage_generated\solar-panels-visible-hail-damage-260nw-2495884713_aug_3.jpg
detail-solar-panels-damaged-by-260nw-1799972737_aug_7.jpg,Physcial_damage_generated,Bird_drop_generateds,False,0.63,C:\Users\BALU\OneDrive\Desktop\solar_panel\dataset\PRoject\Physcial_damage_generated\detail-solar-panels-damaged-by-260nw-1799972737_aug_7.jpg
2_aug_0.jpg,Bird_drop_generateds,Bird_drop_generateds,True,0.8667,C:\Users\BALU\OneDrive\Desktop\solar_panel\dataset\PRoject\Bird_drop_generateds\2_aug_0.jpg
Electrical (73)_aug_1.jpg,Electrical_damage_generated,Electrical_damage_generated,True,0.9999,C:\Users\BALU\OneDrive\Desktop\solar_panel\dataset\PRoject\Electrical_damage_generated\Electrical (73)_aug_1.jpg
Electrical (91)_aug_0 - Copy.jpg,Electrical_damage_generated,Electrical_damage_generated,True,0.9974,C:\Users\BALU\OneDrive\Desktop\solar_panel\dataset\PRoject\Electrical_damage_generated\Electrical (91)_aug_0 - Copy.jpg
Physical (38)_aug_5.jpg,Physcial_damage_generated,Physcial_damage_generated,True,0.9989,C:\Users\BALU\OneDrive\Desktop\solar_panel\dataset\PRoject\Physcial_damage_generated\Physical (38)_aug_5.jpg
Snow (60)_aug_1.jpg,Snow_covered_generated,Snow_covered_generated,True,0.9998,C:\Users\BALU\OneDrive\Desktop\solar_panel\dataset\PRoject\Snow_covered_generated\Snow (60)_aug_1.jpg
snowcovered-solar-panels-on-rooftop-260nw-2586920765_aug_2.jpg,Snow_covered_generated,Snow_covered_generated,True,1.0,C:\Users\BALU\OneDrive\Desktop\solar_panel\dataset\PRoject\Snow_covered_generated\snowcovered-solar-panels-on-rooftop-260nw-2586920765_aug_2.jpg
Physical (22)_aug_0.jpg,Physcial_damage_generated,Physcial_damage_generated,True,0.9949,C:\Users\BALU\OneDrive\Desktop\solar_panel\dataset\PRoject\Physcial_damage_generated\Physical (22)_aug_0.jpg
Physical (1)_aug_8.jpg,Physcial_damage_generated,Physcial_damage_generated,True,0.9393,C:\Users\BALU\OneDrive\Desktop\solar_panel\dataset\PRoject\Physcial_damage_generated\Physical (1)_aug_8.jpg
Bird (108)_aug_0.jpg,Bird_drop_generateds,Bird_drop_generateds,True,0.9648,C:\Users\BALU\OneDrive\Desktop\solar_panel\dataset\PRoject\Bird_drop_generateds\Bird (108)_aug_0.jpg
rows-snow-covered-solar-panels-260nw-144299350_aug_0.jpg,Snow_covered_generated,Snow_covered_generated,True,0.9984,C:\Users\BALU\OneDrive\Desktop\solar_panel\dataset\PRoject\Snow_covered_generated\rows-snow-covered-solar-panels-260nw-144299350_aug_0.jpg
Electrical (16)_aug_1 - Copy.jpg,Electrical_damage_generated,Electrical_damage_generated,True,0.9992,C:\Users\BALU\OneDrive\Desktop\solar_panel\dataset\PRoject\Electrical_damage_generated\Electrical (16)_aug_1 - Copy.jpg
Electrical (32)_aug_2.jpg,Electrical_damage_generated,Electrical_damage_generated,True,1.0,C:\Users\BALU\OneDrive\Desktop\solar_panel\dataset\PRoject\Electrical_damage_generated\Electrical (32)_aug_2.jpg
Bird (19)_aug_0.jpg,Bird_drop_generateds,Bird_drop_generateds,True,0.9969,C:\Users\BALU\OneDrive\Desktop\solar_panel\dataset\PRoject\Bird_drop_generateds\Bird (19)_aug_0.jpg
aerial-severely-damaged-solar-power-260nw-2601200361 (1)_aug_0.jpg,Physcial_damage_generated,Physcial_damage_generated,True,0.8431,C:\Users\BALU\OneDrive\Desktop\solar_panel\dataset\PRoject\Physcial_damage_generated\aerial-severely-damaged-solar-power-260nw-2601200361 (1)_aug_0.jpg
Bird (146)_aug_3.jpg,Bird_drop_generateds,Bird_drop_generateds,True,0.9788,C:\Users\BALU\OneDrive\Desktop\solar_panel\dataset\PRoject\Bird_drop_generateds\Bird (146)_aug_3.jpg
Electrical (31)_aug_3 - Copy.jpg,Electrical_damage_generated,Electrical_damage_generated,True,0.9245,C:\Users\BALU\OneDrive\Desktop\solar_panel\dataset\PRoject\Electrical_damage_generated\Electrical (31)_aug_3 - Copy.jpg
Electrical (7)_aug_3.jpg,Electrical_damage_generated,Electrical_damage_generated,True,0.9947,C:\Users\BALU\OneDrive\Desktop\solar_panel\dataset\PRoject\Electrical_damage_generated\Electrical (7)_aug_3.jpg
Imgclean_654_0.jpg,Clean,Clean,True,0.8648,C:\Users\BALU\OneDrive\Desktop\solar_panel\dataset\PRoject\Clean\Imgclean_654_0.jpg
Bird (177)_aug_4.jpg,Bird_drop_generateds,Bird_drop_generateds,True,0.9966,C:\Users\BALU\OneDrive\Desktop\solar_panel\dataset\PRoject\Bird_drop_generateds\Bird (177)_aug_4.jpg
Dust (11).jpg,Dusty,Dusty,True,0.9898,C:\Users\BALU\OneDrive\Desktop\solar_panel\dataset\PRoject\Dusty\Dust (11).jpg
seagulls-rest-on-small-solar-260nw-2580646567 (1)_aug_2.jpg,Bird_drop_generateds,Bird_drop_generateds,True,0.9656,C:\Users\BALU\OneDrive\Desktop\solar_panel\dataset\PRoject\Bird_drop_generateds\seagulls-rest-on-small-solar-260nw-2580646567 (1)_aug_2.jpg
Imgdirty_248_1.jpg,Dusty,Dusty,True,0.8431,C:\Users\BALU\OneDrive\Desktop\solar_panel\dataset\PRoject\Dusty\Imgdirty_248_1.jpg
Imgdirty_953_1.jpg,Dusty,Bird_drop_generateds,False,0.9437,C:\Users\BALU\OneDrive\Desktop\solar_panel\dataset\PRoject\Dusty\Imgdirty_953_1.jpg
Imgdirty_694_1.jpg,Dusty,Dusty,True,0.9835,C:\Users\BALU\OneDrive\Desktop\solar_panel\dataset\PRoject\Dusty\Imgdirty_694_1.jpg
Imgclean_1253_0.jpg,Clean,Clean,True,0.9747,C:\Users\BALU\OneDrive\Desktop\solar_panel\dataset\PRoject\Clean\Imgclean_1253_0.jpg
Imgdirty_710_1.jpg,Dusty,Dusty,True,0.988,C:\Users\BALU\OneDrive\Desktop\solar_panel\dataset\PRoject\Dusty\Imgdirty_710_1.jpg
Bird (3)_aug_0.jpg,Bird_drop_generateds,Dusty,False,0.73,C:\Users\BALU\OneDrive\Desktop\solar_panel\dataset\PRoject\Bird_drop_generateds\Bird (3)_aug_0.jpg
Physical (69)_aug_5.jpg,Physcial_damage_generated,Physcial_damage_generated,True,0.9999,C:\Users\BALU\OneDrive\Desktop\solar_panel\dataset\PRoject\Physcial_damage_generated\Physical (69)_aug_5.jpg
Imgclean_670_0.jpg,Clean,Clean,True,0.961,C:\Users\BALU\OneDrive\Desktop\solar_panel\dataset\PRoject\Clean\Imgclean_670_0.jpg
Snow (59)_aug_0.jpg,Snow_covered_generated,Snow_covered_generated,True,0.7558,C:\Users\BALU\OneDrive\Desktop\solar_panel\dataset\PRoject\Snow_covered_generated\Snow (59)_aug_0.jpg
Electrical (28)_aug_0 - Copy.jpg,Electrical_damage_generated,Electrical_damage_generated,True,0.9975,C:\Users\BALU\OneDrive\Desktop\solar_panel\dataset\PRoject\Electrical_damage_generated\Electrical (28)_aug_0 - Copy.jpg
broken-solar-panel-torn-mount-260nw-2215881473_aug_3.jpg,Physcial_damage_generated,Physcial_damage_generated,True,0.9927,C:\Users\BALU\OneDrive\Desktop\solar_panel\dataset\PRoject\Physcial_damage_generated\broken-solar-panel-torn-mount-260nw-2215881473_aug_3.jpg
Dust (135).jpg,Dusty,Dusty,True,0.9933,C:\Users\BALU\OneDrive\Desktop\solar_panel\dataset\PRoject\Dusty\Dust (135).jpg
Electrical (19)_aug_1 - Copy.jpg,Electrical_damage_generated,Electrical_damage_generated,True,1.0,C:\Users\BALU\OneDrive\Desktop\solar_panel\dataset\PRoject\Electrical_damage_generated\Electrical (19)_aug_1 - Copy.jpg
Imgclean_1203_0.jpg,Clean,Clean,True,0.9914,C:\Users\BALU\OneDrive\Desktop\solar_panel\dataset\PRoject\Clean\Imgclean_1203_0.jpg
Electrical (22)_aug_3 - Copy.jpg,Electrical_damage_generated,Electrical_damage_generated,True,0.9992,C:\Users\BALU\OneDrive\Desktop\solar_panel\dataset\PRoject\Electrical_damage_generated\Electrical (22)_aug_3 - Copy.jpg
Snow (110)_aug_3.jpg,Snow_covered_generated,Snow_covered_generated,True,0.9983,C:\Users\BALU\OneDrive\Desktop\solar_panel\dataset\PRoject\Snow_covered_generated\Snow (110)_aug_3.jpg
Imgdirty_446_1.jpg,Dusty,Dusty,True,0.7694,C:\Users\BALU\OneDrive\Desktop\solar_panel\dataset\PRoject\Dusty\Imgdirty_446_1.jpg
Imgdirty_199_1.jpg,Dusty,Dusty,True,0.7019,C:\Users\BALU\OneDrive\Desktop\solar_panel\dataset\PRoject\Dusty\Imgdirty_199_1.jpg
Bird (18)_aug_3.jpg,Bird_drop_generateds,Bird_drop_generateds,True,0.7902,C:\Users\BALU\OneDrive\Desktop\solar_panel\dataset\PRoject\Bird_drop_generateds\Bird (18)_aug_3.jpg
Bird (16)_aug_3.jpg,Bird_drop_generateds,Bird_drop_generateds,True,0.9625,C:\Users\BALU\OneDrive\Desktop\solar_panel\dataset\PRoject\Bird_drop_generateds\Bird (16)_aug_3.jpg
Physical (32)_aug_2.jpg,Physcial_damage_generated,Physcial_damage_generated,True,0.875,C:\Users\BALU\OneDrive\Desktop\solar_panel\dataset\PRoject\Physcial_damage_generated\Physical (32)_aug_2.jpg
Imgdirty_51_1.jpg,Dusty,Dusty,True,0.9515,C:\Users\BALU\OneDrive\Desktop\solar_panel\dataset\PRoject\Dusty\Imgdirty_51_1.jpg
Clean (94).jpg,Clean,Clean,True,0.934,C:\Users\BALU\OneDrive\Desktop\solar_panel\dataset\PRoject\Clean\Clean (94).jpg
removing-snow-off-solar-panels-260nw-2252240499_aug_4.jpg,Snow_covered_generated,Snow_covered_generated,True,0.5299,C:\Users\BALU\OneDrive\Desktop\solar_panel\dataset\PRoject\Snow_covered_generated\removing-snow-off-solar-panels-260nw-2252240499_aug_4.jpg
broken-destroyed-cracked-hole-solar-260nw-2220440457_aug_1.jpg,Physcial_damage_generated,Physcial_damage_generated,True,0.9997,C:\Users\BALU\OneDrive\Desktop\solar_panel\dataset\PRoject\Physcial_damage_generated\broken-destroyed-cracked-hole-solar-260nw-2220440457_aug_1.jpg
dirty-rooftop-solar-panels-covered-260nw-2497398187 (1)_aug_3.jpg,Bird_drop_generateds,Bird_drop_generateds,True,0.9926,C:\Users\BALU\OneDrive\Desktop\solar_panel\dataset\PRoject\Bird_drop_generateds\dirty-rooftop-solar-panels-covered-260nw-2497398187 (1)_aug_3.jpg
Imgdirty_888_1.jpg,Dusty,Dusty,True,0.9753,C:\Users\BALU\OneDrive\Desktop\solar_panel\dataset\PRoject\Dusty\Imgdirty_888_1.jpg
closeup-view-upper-surface-solar-260nw-2335211653_aug_1.jpg,Bird_drop_generateds,Bird_drop_generateds,True,0.7529,C:\Users\BALU\OneDrive\Desktop\solar_panel\dataset\PRoject\Bird_drop_generateds\closeup-view-upper-surface-solar-260nw-2335211653_aug_1.jpg
Imgclean_703_0.jpg,Clean,Dusty,False,0.6701,C:\Users\BALU\OneDrive\Desktop\solar_panel\dataset\PRoject\Clean\Imgclean_703_0.jpg
Snow (83)_aug_2.jpg,Snow_covered_generated,Snow_covered_generated,True,0.9434,C:\Users\BALU\OneDrive\Desktop\solar_panel\dataset\PRoject\Snow_covered_generated\Snow (83)_aug_2.jpg
Electrical (94)_aug_2.jpg,Electrical_damage_generated,Electrical_damage_generated,True,0.9957,C:\Users\BALU\OneDrive\Desktop\solar_panel\dataset\PRoject\Electrical_damage_generated\Electrical (94)_aug_2.jpg
Clean (180).jpg,Clean,Clean,True,0.9662,C:\Users\BALU\OneDrive\Desktop\solar_panel\dataset\PRoject\Clean\Clean (180).jpg
Snow (99)_aug_1.jpg,Snow_covered_generated,Snow_covered_generated,True,0.9992,C:\Users\BALU\OneDrive\Desktop\solar_panel\dataset\PRoject\Snow_covered_generated\Snow (99)_aug_1.jpg
Electrical (13)_aug_3.jpg,Electrical_damage_generated,Electrical_damage_generated,True,1.0,C:\Users\BALU\OneDrive\Desktop\solar_panel\dataset\PRoject\Electrical_damage_generated\Electrical (13)_aug_3.jpg
Bird (50)_aug_3.jpg,Bird_drop_generateds,Bird_drop_generateds,True,0.8815,C:\Users\BALU\OneDrive\Desktop\solar_panel\dataset\PRoject\Bird_drop_generateds\Bird (50)_aug_3.jpg
Imgclean_805_0.jpg,Clean,Clean,True,0.5045,C:\Users\BALU\OneDrive\Desktop\solar_panel\dataset\PRoject\Clean\Imgclean_805_0.jpg
Imgclean_1492_0.jpg,Clean,Clean,True,0.983,C:\Users\BALU\OneDrive\Desktop\solar_panel\dataset\PRoject\Clean\Imgclean_1492_0.jpg
destroyed-by-hurricane-wind-photovoltaic-260nw-2403254529_aug_9.jpg,Physcial_damage_generated,Physcial_damage_generated,True,0.9972,C:\Users\BALU\OneDrive\Desktop\solar_panel\dataset\PRoject\Physcial_damage_generated\destroyed-by-hurricane-wind-photovoltaic-260nw-2403254529_aug_9.jpg
Imgclean_468_0.jpg,Clean,Clean,True,0.9832,C:\Users\BALU\OneDrive\Desktop\solar_panel\dataset\PRoject\Clean\Imgclean_468_0.jpg
broken-destroyed-cracked-hole-solar-260nw-2220440457_aug_9.jpg,Physcial_damage_generated,Physcial_damage_generated,True,0.9714,C:\Users\BALU\OneDrive\Desktop\solar_panel\dataset\PRoject\Physcial_damage_generated\broken-destroyed-cracked-hole-solar-260nw-2220440457_aug_9.jpg
Snow (10)_aug_4.jpg,Snow_covered_generated,Snow_covered_generated,True,0.9743,C:\Users\BALU\OneDrive\Desktop\solar_panel\dataset\PRoject\Snow_covered_generated\Snow (10)_aug_4.jpg
Bird (118)_aug_1.jpg,Bird_drop_generateds,Bird_drop_generateds,True,0.9901,C:\Users\BALU\OneDrive\Desktop\solar_panel\dataset\PRoject\Bird_drop_generateds\Bird (118)_aug_1.jpg
dirty-rooftop-solar-panels-covered-260nw-2496296811_aug_1.jpg,Bird_drop_generateds,Bird_drop_generateds,True,0.9674,C:\Users\BALU\OneDrive\Desktop\solar_panel\dataset\PRoject\Bird_drop_generateds\dirty-rooftop-solar-panels-covered-260nw-2496296811_aug_1.jpg
Imgdirty_513_1.jpg,Dusty,Dusty,True,0.9786,C:\Users\BALU\OneDrive\Desktop\solar_panel\dataset\PRoject\Dusty\Imgdirty_513_1.jpg
Physical (45)_aug_9.jpg,Physcial_damage_generated,Physcial_damage_generated,True,0.9912,C:\Users\BALU\OneDrive\Desktop\solar_panel\dataset\PRoject\Physcial_damage_generated\Physical (45)_aug_9.jpg
Imgclean_102_0.jpg,Clean,Clean,True,0.9939,C:\Users\BALU\OneDrive\Desktop\solar_panel\dataset\PRoject\Clean\Imgclean_102_0.jpg
Imgclean_427_0.jpg,Clean,Dusty,False,0.7194,C:\Users\BALU\OneDrive\Desktop\solar_panel\dataset\PRoject\Clean\Imgclean_427_0.jpg
Snow (88)_aug_3.jpg,Snow_covered_generated,Snow_covered_generated,True,0.9998,C:\Users\BALU\OneDrive\Desktop\solar_panel\dataset\PRoject\Snow_covered_generated\Snow (88)_aug_3.jpg
Physical (16)_aug_1.jpg,Physcial_damage_generated,Physcial_damage_generated,True,0.9894,C:\Users\BALU\OneDrive\Desktop\solar_panel\dataset\PRoject\Physcial_damage_generated\Physical (16)_aug_1.jpg
Snow (112)_aug_3.jpg,Snow_covered_generated,Snow_covered_generated,True,0.9976,C:\Users\BALU\OneDrive\Desktop\solar_panel\dataset\PRoject\Snow_covered_generated\Snow (112)_aug_3.jpg
Imgdirty_645_1.jpg,Dusty,Dusty,True,0.6593,C:\Users\BALU\OneDrive\Desktop\solar_panel\dataset\PRoject\Dusty\Imgdirty_645_1.jpg
Snow (72)_aug_4.jpg,Snow_covered_generated,Snow_covered_generated,True,0.9761,C:\Users\BALU\OneDrive\Desktop\solar_panel\dataset\PRoject\Snow_covered_generated\Snow (72)_aug_4.jpg
Imgdirty_824_1.jpg,Dusty,Clean,False,0.9709,C:\Users\BALU\OneDrive\Desktop\solar_panel\dataset\PRoject\Dusty\Imgdirty_824_1.jpg
Clean (67).jpg,Clean,Clean,True,0.9786,C:\Users\BALU\OneDrive\Desktop\solar_panel\dataset\PRoject\Clean\Clean (67).jpg
Bird (4)_aug_2.jpg,Bird_drop_generateds,Bird_drop_generateds,True,0.8904,C:\Users\BALU\OneDrive\Desktop\solar_panel\dataset\PRoject\Bird_drop_generateds\Bird (4)_aug_2.jpg
Imgdirty_727_1.jpg,Dusty,Dusty,True,0.6088,C:\Users\BALU\OneDrive\Desktop\solar_panel\dataset\PRoject\Dusty\Imgdirty_727_1.jpg
Imgclean_1011_0.jpg,Clean,Clean,True,0.9768,C:\Users\BALU\OneDrive\Desktop\solar_panel\dataset\PRoject\Clean\Imgclean_1011_0.jpg
Electrical (68)_aug_1.jpg,Electrical_damage_generated,Electrical_damage_generated,True,0.9924,C:\Users\BALU\OneDrive\Desktop\solar_panel\dataset\PRoject\Electrical_damage_generated\Electrical (68)_aug_1.jpg
Imgclean_1144_0.jpg,Clean,Clean,True,0.7511,C:\Users\BALU\OneDrive\Desktop\solar_panel\dataset\PRoject\Clean\Imgclean_1144_0.jpg
Imgclean_697_0.jpg,Clean,Clean,True,0.8995,C:\Users\BALU\OneDrive\Desktop\solar_panel\dataset\PRoject\Clean\Imgclean_697_0.jpg
Imgclean_1356_0.jpg,Clean,Clean,True,0.8258,C:\Users\BALU\OneDrive\Desktop\solar_panel\dataset\PRoject\Clean\Imgclean_1356_0.jpg
Bird (135)_aug_3.jpg,Bird_drop_generateds,Bird_drop_generateds,True,0.9839,C:\Users\BALU\OneDrive\Desktop\solar_panel\dataset\PRoject\Bird_drop_generateds\Bird (135)_aug_3.jpg
Electrical (32)_aug_0 - Copy.jpg,Electrical_damage_generated,Electrical_damage_generated,True,1.0,C:\Users\BALU\OneDrive\Desktop\solar_panel\dataset\PRoject\Electrical_damage_generated\Electrical (32)_aug_0 - Copy.jpg
Imgclean_109_0.jpg,Clean,Clean,True,0.9807,C:\Users\BALU\OneDrive\Desktop\solar_panel\dataset\PRoject\Clean\Imgclean_109_0.jpg
Physical (40)_aug_0.jpg,Physcial_damage_generated,Physcial_damage_generated,True,0.9092,C:\Users\BALU\OneDrive\Desktop\solar_panel\dataset\PRoject\Physcial_damage_generated\Physical (40)_aug_0.jpg
Bird (37)_aug_2.jpg,Bird_drop_generateds,Bird_drop_generateds,True,0.9813,C:\Users\BALU\OneDrive\Desktop\solar_panel\dataset\PRoject\Bird_drop_generateds\Bird (37)_aug_2.jpg
Snow (94)_aug_0.jpg,Snow_covered_generated,Snow_covered_generated,True,0.9029,C:\Users\BALU\OneDrive\Desktop\solar_panel\dataset\PRoject\Snow_covered_generated\Snow (94)_aug_0.jpg
dirty-rooftop-solar-panels-covered-260nw-2497558785 (1)_aug_0.jpg,Bird_drop_generateds,Bird_drop_generateds,True,0.9716,C:\Users\BALU\OneDrive\Desktop\solar_panel\dataset\PRoject\Bird_drop_generateds\dirty-rooftop-solar-panels-covered-260nw-2497558785 (1)_aug_0.jpg
Imgclean_290_0.jpg,Clean,Clean,True,0.9493,C:\Users\BALU\OneDrive\Desktop\solar_panel\dataset\PRoject\Clean\Imgclean_290_0.jpg
Snow (19)_aug_0.jpg,Snow_covered_generated,Snow_covered_generated,True,0.9211,C:\Users\BALU\OneDrive\Desktop\solar_panel\dataset\PRoject\Snow_covered_generated\Snow (19)_aug_0.jpg
Physical (10)_aug_5.jpg,Physcial_damage_generated,Physcial_damage_generated,True,1.0,C:\Users\BALU\OneDrive\Desktop\solar_panel\dataset\PRoject\Physcial_damage_generated\Physical (10)_aug_5.jpg
Clean (117).jpg,Clean,Clean,True,0.7218,C:\Users\BALU\OneDrive\Desktop\solar_panel\dataset\PRoject\Clean\Clean (117).jpg
Physical (43)_aug_4.jpg,Physcial_damage_generated,Physcial_damage_generated,True,0.9961,C:\Users\BALU\OneDrive\Desktop\solar_panel\dataset\PRoject\Physcial_damage_generated\Physical (43)_aug_4.jpg
Electrical (17)_aug_0.jpg,Electrical_damage_generated,Electrical_damage_generated,True,0.9992,C:\Users\BALU\OneDrive\Desktop\solar_panel\dataset\PRoject\Electrical_damage_generated\Electrical (17)_aug_0.jpg
Electrical (80)_aug_1 - Copy.jpg,Electrical_damage_generated,Electrical_damage_generated,True,1.0,C:\Users\BALU\OneDrive\Desktop\solar_panel\dataset\PRoject\Electrical_damage_generated\Electrical (80)_aug_1 - Copy.jpg
Snow (118)_aug_4.jpg,Snow_covered_generated,Snow_covered_generated,True,0.924,C:\Users\BALU\OneDrive\Desktop\solar_panel\dataset\PRoject\Snow_covered_generated\Snow (118)_aug_4.jpg
Physical (26)_aug_0.jpg,Physcial_damage_generated,Physcial_damage_generated,True,0.9432,C:\Users\BALU\OneDrive\Desktop\solar_panel\dataset\PRoject\Physcial_damage_generated\Physical (26)_aug_0.jpg
Electrical (99)_aug_3 - Copy.jpg,Electrical_damage_generated,Electrical_damage_generated,True,0.9872,C:\Users\BALU\OneDrive\Desktop\solar_panel\dataset\PRoject\Electrical_damage_generated\Electrical (99)_aug_3 - Copy.jpg
Snow (16)_aug_2.jpg,Snow_covered_generated,Snow_covered_generated,True,0.9981,C:\Users\BALU\OneDrive\Desktop\solar_panel\dataset\PRoject\Snow_covered_generated\Snow (16)_aug_2.jpg
Imgclean_698_0.jpg,Clean,Clean,True,0.633,C:\Users\BALU\OneDrive\Desktop\solar_panel\dataset\PRoject\Clean\Imgclean_698_0.jpg
Physical (62)_aug_6.jpg,Physcial_damage_generated,Physcial_damage_generated,True,0.9979,C:\Users\BALU\OneDrive\Desktop\solar_panel\dataset\PRoject\Physcial_damage_generated\Physical (62)_aug_6.jpg
Imgclean_987_0.jpg,Clean,Clean,True,0.9992,C:\Users\BALU\OneDrive\Desktop\solar_panel\dataset\PRoject\Clean\Imgclean_987_0.jpg
Dust (118).jpg,Dusty,Dusty,True,0.9628,C:\Users\BALU\OneDrive\Desktop\solar_panel\dataset\PRoject\Dusty\Dust (118).jpg
Electrical (62)_aug_1.jpg,Electrical_damage_generated,Electrical_damage_generated,True,0.9999,C:\Users\BALU\OneDrive\Desktop\solar_panel\dataset\PRoject\Electrical_damage_generated\Electrical (62)_aug_1.jpg
Electrical (67)_aug_4.jpg,Electrical_damage_generated,Electrical_damage_generated,True,0.9271,C:\Users\BALU\OneDrive\Desktop\solar_panel\dataset\PRoject\Electrical_damage_generated\Electrical (67)_aug_4.jpg
Snow (121)_aug_0.jpg,Snow_covered_generated,Physcial_damage_generated,False,0.4368,C:\Users\BALU\OneDrive\Desktop\solar_panel\dataset\PRoject\Snow_covered_generated\Snow (121)_aug_0.jpg
Imgclean_645_0.jpg,Clean,Clean,True,0.9941,C:\Users\BALU\OneDrive\Desktop\solar_panel\dataset\PRoject\Clean\Imgclean_645_0.jpg
Imgdirty_675_1.jpg,Dusty,Dusty,True,0.9574,C:\Users\BALU\OneDrive\Desktop\solar_panel\dataset\PRoject\Dusty\Imgdirty_675_1.jpg
Physical (13)_aug_4.jpg,Physcial_damage_generated,Physcial_damage_generated,True,0.8785,C:\Users\BALU\OneDrive\Desktop\solar_panel\dataset\PRoject\Physcial_damage_generated\Physical (13)_aug_4.jpg
Imgclean_476_0.jpg,Clean,Clean,True,0.9129,C:\Users\BALU\OneDrive\Desktop\solar_panel\dataset\PRoject\Clean\Imgclean_476_0.jpg
Imgdirty_502_1.jpg,Dusty,Dusty,True,0.8186,C:\Users\BALU\OneDrive\Desktop\solar_panel\dataset\PRoject\Dusty\Imgdirty_502_1.jpg
broken-destroyed-solar-panel-cell-260nw-2332211579_aug_0.jpg,Physcial_damage_generated,Physcial_damage_generated,True,0.4908,C:\Users\BALU\OneDrive\Desktop\solar_panel\dataset\PRoject\Physcial_damage_generated\broken-destroyed-solar-panel-cell-260nw-2332211579_aug_0.jpg
Imgdirty_447_1.jpg,Dusty,Dusty,True,0.972,C:\Users\BALU\OneDrive\Desktop\solar_panel\dataset\PRoject\Dusty\Imgdirty_447_1.jpg
Imgdirty_899_1.jpg,Dusty,Clean,False,0.6602,C:\Users\BALU\OneDrive\Desktop\solar_panel\dataset\PRoject\Dusty\Imgdirty_899_1.jpg
Electrical (39)_aug_1 - Copy.jpg,Electrical_damage_generated,Electrical_damage_generated,True,1.0,C:\Users\BALU\OneDrive\Desktop\solar_panel\dataset\PRoject\Electrical_damage_generated\Electrical (39)_aug_1 - Copy.jpg
Bird (125)_aug_4.jpg,Bird_drop_generateds,Bird_drop_generateds,True,0.9336,C:\Users\BALU\OneDrive\Desktop\solar_panel\dataset\PRoject\Bird_drop_generateds\Bird (125)_aug_4.jpg
Imgdirty_955_1.jpg,Dusty,Dusty,True,0.9524,C:\Users\BALU\OneDrive\Desktop\solar_panel\dataset\PRoject\Dusty\Imgdirty_955_1.jpg
Snow (54)_aug_3.jpg,Snow_covered_generated,Snow_covered_generated,True,0.9998,C:\Users\BALU\OneDrive\Desktop\solar_panel\dataset\PRoject\Snow_covered_generated\Snow (54)_aug_3.jpg
Bird (113)_aug_0.jpg,Bird_drop_generateds,Bird_drop_generateds,True,0.9185,C:\Users\BALU\OneDrive\Desktop\solar_panel\dataset\PRoject\Bird_drop_generateds\Bird (113)_aug_0.jpg
dirty-rooftop-solar-panels-covered-260nw-2505545323 (1)_aug_1.jpg,Bird_drop_generateds,Bird_drop_generateds,True,0.9972,C:\Users\BALU\OneDrive\Desktop\solar_panel\dataset\PRoject\Bird_drop_generateds\dirty-rooftop-solar-panels-covered-260nw-2505545323 (1)_aug_1.jpg
Imgclean_1174_0.jpg,Clean,Clean,True,0.9774,C:\Users\BALU\OneDrive\Desktop\solar_panel\dataset\PRoject\Clean\Imgclean_1174_0.jpg
Imgclean_33_0.jpg,Clean,Clean,True,0.9355,C:\Users\BALU\OneDrive\Desktop\solar_panel\dataset\PRoject\Clean\Imgclean_33_0.jpg
Bird (141)_aug_2.jpg,Bird_drop_generateds,Bird_drop_generateds,True,0.8338,C:\Users\BALU\OneDrive\Desktop\solar_panel\dataset\PRoject\Bird_drop_generateds\Bird (141)_aug_2.jpg
Snow (70)_aug_3.jpg,Snow_covered_generated,Snow_covered_generated,True,0.9865,C:\Users\BALU\OneDrive\Desktop\solar_panel\dataset\PRoject\Snow_covered_generated\Snow (70)_aug_3.jpg
Imgdirty_106_1.jpg,Dusty,Dusty,True,0.8197,C:\Users\BALU\OneDrive\Desktop\solar_panel\dataset\PRoject\Dusty\Imgdirty_106_1.jpg
Electrical (74)_aug_3.jpg,Electrical_damage_generated,Electrical_damage_generated,True,0.9998,C:\Users\BALU\OneDrive\Desktop\solar_panel\dataset\PRoject\Electrical_damage_generated\Electrical (74)_aug_3.jpg
Dust (156).jpg,Dusty,Dusty,True,0.6082,C:\Users\BALU\OneDrive\Desktop\solar_panel\dataset\PRoject\Dusty\Dust (156).jpg
Imgdirty_42_1.jpg,Dusty,Dusty,True,0.8731,C:\Users\BALU\OneDrive\Desktop\solar_panel\dataset\PRoject\Dusty\Imgdirty_42_1.jpg
Bird (101)_aug_0.jpg,Bird_drop_generateds,Bird_drop_generateds,True,0.6121,C:\Users\BALU\OneDrive\Desktop\solar_panel\dataset\PRoject\Bird_drop_generateds\Bird (101)_aug_0.jpg
Electrical (91)_aug_4 - Copy.jpg,Electrical_damage_generated,Electrical_damage_generated,True,0.9997,C:\Users\BALU\OneDrive\Desktop\solar_panel\dataset\PRoject\Electrical_damage_generated\Electrical (91)_aug_4 - Copy.jpg
Electrical (76)_aug_0.jpg,Electrical_damage_generated,Electrical_damage_generated,True,0.9961,C:\Users\BALU\OneDrive\Desktop\solar_panel\dataset\PRoject\Electrical_damage_generated\Electrical (76)_aug_0.jpg
solar-panel-roof-under-snow-260nw-2418627543_aug_0.jpg,Snow_covered_generated,Snow_covered_generated,True,0.9978,C:\Users\BALU\OneDrive\Desktop\solar_panel\dataset\PRoject\Snow_covered_generated\solar-panel-roof-under-snow-260nw-2418627543_aug_0.jpg
Imgclean_1352_0.jpg,Clean,Clean,True,0.9417,C:\Users\BALU\OneDrive\Desktop\solar_panel\dataset\PRoject\Clean\Imgclean_1352_0.jpg
Snow (92)_aug_3.jpg,Snow_covered_generated,Snow_covered_generated,True,0.9895,C:\Users\BALU\OneDrive\Desktop\solar_panel\dataset\PRoject\Snow_covered_generated\Snow (92)_aug_3.jpg
Snow (104)_aug_1.jpg,Snow_covered_generated,Snow_covered_generated,True,1.0,C:\Users\BALU\OneDrive\Desktop\solar_panel\dataset\PRoject\Snow_covered_generated\Snow (104)_aug_1.jpg
Imgclean_918_0.jpg,Clean,Clean,True,0.8835,C:\Users\BALU\OneDrive\Desktop\solar_panel\dataset\PRoject\Clean\Imgclean_918_0.jpg
Imgclean_1155_0.jpg,Clean,Clean,True,0.9905,C:\Users\BALU\OneDrive\Desktop\solar_panel\dataset\PRoject\Clean\Imgclean_1155_0.jpg
Electrical (55)_aug_1.jpg,Electrical_damage_generated,Electrical_damage_generated,True,1.0,C:\Users\BALU\OneDrive\Desktop\solar_panel\dataset\PRoject\Electrical_damage_generated\Electrical (55)_aug_1.jpg
Imgdirty_134_1.jpg,Dusty,Bird_drop_generateds,False,0.5004,C:\Users\BALU\OneDrive\Desktop\solar_panel\dataset\PRoject\Dusty\Imgdirty_134_1.jpg
Electrical (66)_aug_4 - Copy.jpg,Electrical_damage_generated,Electrical_damage_generated,True,0.9997,C:\Users\BALU\OneDrive\Desktop\solar_panel\dataset\PRoject\Electrical_damage_generated\Electrical (66)_aug_4 - Copy.jpg
dirty-rooftop-solar-panels-covered-260nw-2503997003_aug_1.jpg,Bird_drop_generateds,Bird_drop_generateds,True,0.8986,C:\Users\BALU\OneDrive\Desktop\solar_panel\dataset\PRoject\Bird_drop_generateds\dirty-rooftop-solar-panels-covered-260nw-2503997003_aug_1.jpg
Bird (111)_aug_2.jpg,Bird_drop_generateds,Bird_drop_generateds,True,0.7733,C:\Users\BALU\OneDrive\Desktop\solar_panel\dataset\PRoject\Bird_drop_generateds\Bird (111)_aug_2.jpg
Bird (118)_aug_2.jpg,Bird_drop_generateds,Bird_drop_generateds,True,0.987,C:\Users\BALU\OneDrive\Desktop\solar_panel\dataset\PRoject\Bird_drop_generateds\Bird (118)_aug_2.jpg
Physical (36)_aug_7.jpg,Physcial_damage_generated,Physcial_damage_generated,True,1.0,C:\Users\BALU\OneDrive\Desktop\solar_panel\dataset\PRoject\Physcial_damage_generated\Physical (36)_aug_7.jpg
Snow (113)_aug_0.jpg,Snow_covered_generated,Snow_covered_generated,True,0.9947,C:\Users\BALU\OneDrive\Desktop\solar_panel\dataset\PRoject\Snow_covered_generated\Snow (113)_aug_0.jpg
snowcovered-solar-panels-on-rooftop-260nw-2586920737_aug_0.jpg,Snow_covered_generated,Snow_covered_generated,True,0.9994,C:\Users\BALU\OneDrive\Desktop\solar_panel\dataset\PRoject\Snow_covered_generated\snowcovered-solar-panels-on-rooftop-260nw-2586920737_aug_0.jpg
Bird (72)_aug_0.jpg,Bird_drop_generateds,Bird_drop_generateds,True,0.6269,C:\Users\BALU\OneDrive\Desktop\solar_panel\dataset\PRoject\Bird_drop_generateds\Bird (72)_aug_0.jpg
Electrical (78)_aug_0 - Copy.jpg,Electrical_damage_generated,Electrical_damage_generated,True,0.9996,C:\Users\BALU\OneDrive\Desktop\solar_panel\dataset\PRoject\Electrical_damage_generated\Electrical (78)_aug_0 - Copy.jpg
Bird (110)_aug_1.jpg,Bird_drop_generateds,Bird_drop_generateds,True,0.995,C:\Users\BALU\OneDrive\Desktop\solar_panel\dataset\PRoject\Bird_drop_generateds\Bird (110)_aug_1.jpg
Imgdirty_898_1.jpg,Dusty,Dusty,True,0.98,C:\Users\BALU\OneDrive\Desktop\solar_panel\dataset\PRoject\Dusty\Imgdirty_898_1.jpg
Electrical (58)_aug_1.jpg,Electrical_damage_generated,Electrical_damage_generated,True,1.0,C:\Users\BALU\OneDrive\Desktop\solar_panel\dataset\PRoject\Electrical_damage_generated\Electrical (58)_aug_1.jpg
Clean (10).JPG,Clean,Clean,True,0.9676,C:\Users\BALU\OneDrive\Desktop\solar_panel\dataset\PRoject\Clean\Clean (10).JPG
Electrical (77)_aug_2 - Copy.jpg,Electrical_damage_generated,Electrical_damage_generated,True,1.0,C:\Users\BALU\OneDrive\Desktop\solar_panel\dataset\PRoject\Electrical_damage_generated\Electrical (77)_aug_2 - Copy.jpg
Imgdirty_389_1.jpg,Dusty,Dusty,True,0.9337,C:\Users\BALU\OneDrive\Desktop\solar_panel\dataset\PRoject\Dusty\Imgdirty_389_1.jpg
broken-destroyed-cracked-hole-solar-260nw-2216617723_aug_2.jpg,Physcial_damage_generated,Physcial_damage_generated,True,0.9898,C:\Users\BALU\OneDrive\Desktop\solar_panel\dataset\PRoject\Physcial_damage_generated\broken-destroyed-cracked-hole-solar-260nw-2216617723_aug_2.jpg
Electrical (67)_aug_2 - Copy.jpg,Electrical_damage_generated,Electrical_damage_generated,True,0.9959,C:\Users\BALU\OneDrive\Desktop\solar_panel\dataset\PRoject\Electrical_damage_generated\Electrical (67)_aug_2 - Copy.jpg
Clean (75).jpg,Clean,Clean,True,0.9989,C:\Users\BALU\OneDrive\Desktop\solar_panel\dataset\PRoject\Clean\Clean (75).jpg
Imgclean_1308_0.jpg,Clean,Clean,True,0.5761,C:\Users\BALU\OneDrive\Desktop\solar_panel\dataset\PRoject\Clean\Imgclean_1308_0.jpg
Clean (106).jpg,Clean,Clean,True,0.9335,C:\Users\BALU\OneDrive\Desktop\solar_panel\dataset\PRoject\Clean\Clean (106).jpg
Imgclean_1299_0.jpg,Clean,Clean,True,0.9945,C:\Users\BALU\OneDrive\Desktop\solar_panel\dataset\PRoject\Clean\Imgclean_1299_0.jpg
Bird (56)_aug_1.jpg,Bird_drop_generateds,Bird_drop_generateds,True,0.9376,C:\Users\BALU\OneDrive\Desktop\solar_panel\dataset\PRoject\Bird_drop_generateds\Bird (56)_aug_1.jpg
Imgdirty_782_1.jpg,Dusty,Dusty,True,0.9079,C:\Users\BALU\OneDrive\Desktop\solar_panel\dataset\PRoject\Dusty\Imgdirty_782_1.jpg
Imgclean_689_0.jpg,Clean,Clean,True,0.944,C:\Users\BALU\OneDrive\Desktop\solar_panel\dataset\PRoject\Clean\Imgclean_689_0.jpg
Snow (100)_aug_2.jpg,Snow_covered_generated,Snow_covered_generated,True,0.993,C:\Users\BALU\OneDrive\Desktop\solar_panel\dataset\PRoject\Snow_covered_generated\Snow (100)_aug_2.jpg
Imgdirty_609_1.jpg,Dusty,Dusty,True,0.9976,C:\Users\BALU\OneDrive\Desktop\solar_panel\dataset\PRoject\Dusty\Imgdirty_609_1.jpg
Imgdirty_103_1.jpg,Dusty,Clean,False,0.9627,C:\Users\BALU\OneDrive\Desktop\solar_panel\dataset\PRoject\Dusty\Imgdirty_103_1.jpg
Snow (31)_aug_0.jpg,Snow_covered_generated,Snow_covered_generated,True,0.9984,C:\Users\BALU\OneDrive\Desktop\solar_panel\dataset\PRoject\Snow_covered_generated\Snow (31)_aug_0.jpg
broken-destroyed-solar-panel-260nw-1358171399_aug_9.jpg,Physcial_damage_generated,Physcial_damage_generated,True,0.9996,C:\Users\BALU\OneDrive\Desktop\solar_panel\dataset\PRoject\Physcial_damage_generated\broken-destroyed-solar-panel-260nw-1358171399_aug_9.jpg
Physical (44)_aug_5.jpg,Physcial_damage_generated,Physcial_damage_generated,True,0.9995,C:\Users\BALU\OneDrive\Desktop\solar_panel\dataset\PRoject\Physcial_damage_generated\Physical (44)_aug_5.jpg
broken-glass-solar-cell-damage-260nw-1572765697_aug_6.jpg,Physcial_damage_generated,Physcial_damage_generated,True,0.9934,C:\Users\BALU\OneDrive\Desktop\solar_panel\dataset\PRoject\Physcial_damage_generated\broken-glass-solar-cell-damage-260nw-1572765697_aug_6.jpg
Bird (193)_aug_2.jpg,Bird_drop_generateds,Bird_drop_generateds,True,0.9857,C:\Users\BALU\OneDrive\Desktop\solar_panel\dataset\PRoject\Bird_drop_generateds\Bird (193)_aug_2.jpg
Imgclean_557_0.jpg,Clean,Clean,True,0.9534,C:\Users\BALU\OneDrive\Desktop\solar_panel\dataset\PRoject\Clean\Imgclean_557_0.jpg
Snow (38)_aug_2.jpg,Snow_covered_generated,Snow_covered_generated,True,0.9779,C:\Users\BALU\OneDrive\Desktop\solar_panel\dataset\PRoject\Snow_covered_generated\Snow (38)_aug_2.jpg
Dust (76).jpg,Dusty,Clean,False,0.8967,C:\Users\BALU\OneDrive\Desktop\solar_panel\dataset\PRoject\Dusty\Dust (76).jpg
Physical (8)_aug_7.jpg,Physcial_damage_generated,Physcial_damage_generated,True,1.0,C:\Users\BALU\OneDrive\Desktop\solar_panel\dataset\PRoject\Physcial_damage_generated\Physical (8)_aug_7.jpg
Physical (48)_aug_0.jpg,Physcial_damage_generated,Physcial_damage_generated,True,0.9999,C:\Users\BALU\OneDrive\Desktop\solar_panel\dataset\PRoject\Physcial_damage_generated\Physical (48)_aug_0.jpg
Imgclean_838_0.jpg,Clean,Dusty,False,0.5122,C:\Users\BALU\OneDrive\Desktop\solar_panel\dataset\PRoject\Clean\Imgclean_838_0.jpg
Imgclean_1484_0.jpg,Clean,Clean,True,0.4245,C:\Users\BALU\OneDrive\Desktop\solar_panel\dataset\PRoject\Clean\Imgclean_1484_0.jpg
Bird (161)_aug_0.jpg,Bird_drop_generateds,Bird_drop_generateds,True,0.9413,C:\Users\BALU\OneDrive\Desktop\solar_panel\dataset\PRoject\Bird_drop_generateds\Bird (161)_aug_0.jpg
Snow (65)_aug_0.jpg,Snow_covered_generated,Snow_covered_generated,True,0.6647,C:\Users\BALU\OneDrive\Desktop\solar_panel\dataset\PRoject\Snow_covered_generated\Snow (65)_aug_0.jpg
panel-rooftop-snow-removing-off-260nw-2252323773_aug_2.jpg,Snow_covered_generated,Snow_covered_generated,True,0.9913,C:\Users\BALU\OneDrive\Desktop\solar_panel\dataset\PRoject\Snow_covered_generated\panel-rooftop-snow-removing-off-260nw-2252323773_aug_2.jpg
Imgclean_1282_0.jpg,Clean,Clean,True,0.9338,C:\Users\BALU\OneDrive\Desktop\solar_panel\dataset\PRoject\Clean\Imgclean_1282_0.jpg
snowcovered-solar-panels-on-rooftop-260nw-2586920729_aug_3.jpg,Snow_covered_generated,Snow_covered_generated,True,0.9995,C:\Users\BALU\OneDrive\Desktop\solar_panel\dataset\PRoject\Snow_covered_generated\snowcovered-solar-panels-on-rooftop-260nw-2586920729_aug_3.jpg
Bird (161)_aug_2.jpg,Bird_drop_generateds,Bird_drop_generateds,True,0.9623,C:\Users\BALU\OneDrive\Desktop\solar_panel\dataset\PRoject\Bird_drop_generateds\Bird (161)_aug_2.jpg
Electrical (47)_aug_2.jpg,Electrical_damage_generated,Electrical_damage_generated,True,0.9992,C:\Users\BALU\OneDrive\Desktop\solar_panel\dataset\PRoject\Electrical_damage_generated\Electrical (47)_aug_2.jpg
Snow (27)_aug_3.jpg,Snow_covered_generated,Bird_drop_generateds,False,0.6513,C:\Users\BALU\OneDrive\Desktop\solar_panel\dataset\PRoject\Snow_covered_generated\Snow (27)_aug_3.jpg
Imgclean_586_0.jpg,Clean,Clean,True,0.9674,C:\Users\BALU\OneDrive\Desktop\solar_panel\dataset\PRoject\Clean\Imgclean_586_0.jpg
Imgclean_122_0.jpg,Clean,Clean,True,0.7783,C:\Users\BALU\OneDrive\Desktop\solar_panel\dataset\PRoject\Clean\Imgclean_122_0.jpg
Electrical (74)_aug_1 - Copy.jpg,Electrical_damage_generated,Electrical_damage_generated,True,1.0,C:\Users\BALU\OneDrive\Desktop\solar_panel\dataset\PRoject\Electrical_damage_generated\Electrical (74)_aug_1 - Copy.jpg
Imgclean_86_0.jpg,Clean,Clean,True,0.8687,C:\Users\BALU\OneDrive\Desktop\solar_panel\dataset\PRoject\Clean\Imgclean_86_0.jpg
Imgclean_312_0.jpg,Clean,Clean,True,0.4656,C:\Users\BALU\OneDrive\Desktop\solar_panel\dataset\PRoject\Clean\Imgclean_312_0.jpg
Physical (62)_aug_8.jpg,Physcial_damage_generated,Physcial_damage_generated,True,0.9542,C:\Users\BALU\OneDrive\Desktop\solar_panel\dataset\PRoject\Physcial_damage_generated\Physical (62)_aug_8.jpg
top-view-destroyed-by-hurricane-260nw-2443929751_aug_6.jpg,Physcial_damage_generated,Physcial_damage_generated,True,0.9971,C:\Users\BALU\OneDrive\Desktop\solar_panel\dataset\PRoject\Physcial_damage_generated\top-view-destroyed-by-hurricane-260nw-2443929751_aug_6.jpg
Imgdirty_773_1.jpg,Dusty,Dusty,True,0.9396,C:\Users\BALU\OneDrive\Desktop\solar_panel\dataset\PRoject\Dusty\Imgdirty_773_1.jpg
photovoltaic-panels-dirty-dust-birds-260nw-1929021080_aug_3.jpg,Bird_drop_generateds,Bird_drop_generateds,True,0.7095,C:\Users\BALU\OneDrive\Desktop\solar_panel\dataset\PRoject\Bird_drop_generateds\photovoltaic-panels-dirty-dust-birds-260nw-1929021080_aug_3.jpg
broken-down-photovoltaic-solar-panels-260nw-2335015675_aug_4.jpg,Physcial_damage_generated,Physcial_damage_generated,True,0.9913,C:\Users\BALU\OneDrive\Desktop\solar_panel\dataset\PRoject\Physcial_damage_generated\broken-down-photovoltaic-solar-panels-260nw-2335015675_aug_4.jpg
Electrical (6)_aug_3 - Copy.jpg,Electrical_damage_generated,Electrical_damage_generated,True,0.995,C:\Users\BALU\OneDrive\Desktop\solar_panel\dataset\PRoject\Electrical_damage_generated\Electrical (6)_aug_3 - Copy.jpg
Electrical (93)_aug_2 - Copy.jpg,Electrical_damage_generated,Electrical_damage_generated,True,0.9956,C:\Users\BALU\OneDrive\Desktop\solar_panel\dataset\PRoject\Electrical_damage_generated\Electrical (93)_aug_2 - Copy.jpg
Imgclean_355_0.jpg,Clean,Clean,True,0.8181,C:\Users\BALU\OneDrive\Desktop\solar_panel\dataset\PRoject\Clean\Imgclean_355_0.jpg
Imgclean_1481_0.jpg,Clean,Clean,True,0.9898,C:\Users\BALU\OneDrive\Desktop\solar_panel\dataset\PRoject\Clean\Imgclean_1481_0.jpg
Imgclean_445_0.jpg,Clean,Clean,True,0.8825,C:\Users\BALU\OneDrive\Desktop\solar_panel\dataset\PRoject\Clean\Imgclean_445_0.jpg
Bird (53)_aug_0.jpg,Bird_drop_generateds,Bird_drop_generateds,True,0.9956,C:\Users\BALU\OneDrive\Desktop\solar_panel\dataset\PRoject\Bird_drop_generateds\Bird (53)_aug_0.jpg
Imgdirty_154_1.jpg,Dusty,Bird_drop_generateds,False,0.6725,C:\Users\BALU\OneDrive\Desktop\solar_panel\dataset\PRoject\Dusty\Imgdirty_154_1.jpg
solar-panels-visible-hail-damage-260nw-2495884713_aug_8.jpg,Physcial_damage_generated,Bird_drop_generateds,False,0.4209,C:\Users\BALU\OneDrive\Desktop\solar_panel\dataset\PRoject\Physcial_damage_generated\solar-panels-visible-hail-damage-260nw-2495884713_aug_8.jpg
Imgclean_1462_0.jpg,Clean,Clean,True,0.6151,C:\Users\BALU\OneDrive\Desktop\solar_panel\dataset\PRoject\Clean\Imgclean_1462_0.jpg
broken-solar-panels-on-white-260nw-2493354607_aug_2.jpg,Physcial_damage_generated,Clean,False,0.451,C:\Users\BALU\OneDrive\Desktop\solar_panel\dataset\PRoject\Physcial_damage_generated\broken-solar-panels-on-white-260nw-2493354607_aug_2.jpg
Imgdirty_234_1.jpg,Dusty,Dusty,True,0.9782,C:\Users\BALU\OneDrive\Desktop\solar_panel\dataset\PRoject\Dusty\Imgdirty_234_1.jpg
Physical (20)_aug_8.jpg,Physcial_damage_generated,Physcial_damage_generated,True,0.4277,C:\Users\BALU\OneDrive\Desktop\solar_panel\dataset\PRoject\Physcial_damage_generated\Physical (20)_aug_8.jpg
Bird (145)_aug_2.jpg,Bird_drop_generateds,Bird_drop_generateds,True,0.9825,C:\Users\BALU\OneDrive\Desktop\solar_panel\dataset\PRoject\Bird_drop_generateds\Bird (145)_aug_2.jpg
solar-panel-roof-house-winter-260nw-2407806745_aug_1.jpg,Snow_covered_generated,Snow_covered_generated,True,0.8905,C:\Users\BALU\OneDrive\Desktop\solar_panel\dataset\PRoject\Snow_covered_generated\solar-panel-roof-house-winter-260nw-2407806745_aug_1.jpg
Imgclean_90_0.jpg,Clean,Clean,True,0.9966,C:\Users\BALU\OneDrive\Desktop\solar_panel\dataset\PRoject\Clean\Imgclean_90_0.jpg
1_aug_2.jpg,Bird_drop_generateds,Bird_drop_generateds,True,0.7464,C:\Users\BALU\OneDrive\Desktop\solar_panel\dataset\PRoject\Bird_drop_generateds\1_aug_2.jpg
Imgdirty_375_1.jpg,Dusty,Clean,False,0.5079,C:\Users\BALU\OneDrive\Desktop\solar_panel\dataset\PRoject\Dusty\Imgdirty_375_1.jpg
Snow (17)_aug_1.jpg,Snow_covered_generated,Snow_covered_generated,True,0.9916,C:\Users\BALU\OneDrive\Desktop\solar_panel\dataset\PRoject\Snow_covered_generated\Snow (17)_aug_1.jpg
Bird (104)_aug_2.jpg,Bird_drop_generateds,Bird_drop_generateds,True,0.9703,C:\Users\BALU\OneDrive\Desktop\solar_panel\dataset\PRoject\Bird_drop_generateds\Bird (104)_aug_2.jpg
Imgclean_695_0.jpg,Clean,Clean,True,0.9292,C:\Users\BALU\OneDrive\Desktop\solar_panel\dataset\PRoject\Clean\Imgclean_695_0.jpg
seagulls-rest-on-small-solar-260nw-2580646571 (1)_aug_1.jpg,Bird_drop_generateds,Bird_drop_generateds,True,0.9962,C:\Users\BALU\OneDrive\Desktop\solar_panel\dataset\PRoject\Bird_drop_generateds\seagulls-rest-on-small-solar-260nw-2580646571 (1)_aug_1.jpg
Electrical (84)_aug_0 - Copy.jpg,Electrical_damage_generated,Electrical_damage_generated,True,0.9961,C:\Users\BALU\OneDrive\Desktop\solar_panel\dataset\PRoject\Electrical_damage_generated\Electrical (84)_aug_0 - Copy.jpg
Imgdirty_111_1.jpg,Dusty,Clean,False,0.6721,C:\Users\BALU\OneDrive\Desktop\solar_panel\dataset\PRoject\Dusty\Imgdirty_111_1.jpg
broken-destroyed-solar-panel-outside-260nw-1573025164_aug_3.jpg,Physcial_damage_generated,Physcial_damage_generated,True,0.9999,C:\Users\BALU\OneDrive\Desktop\solar_panel\dataset\PRoject\Physcial_damage_generated\broken-destroyed-solar-panel-outside-260nw-1573025164_aug_3.jpg
Imgdirty_498_1.jpg,Dusty,Dusty,True,0.9964,C:\Users\BALU\OneDrive\Desktop\solar_panel\dataset\PRoject\Dusty\Imgdirty_498_1.jpg
Electrical (43)_aug_4.jpg,Electrical_damage_generated,Electrical_damage_generated,True,0.996,C:\Users\BALU\OneDrive\Desktop\solar_panel\dataset\PRoject\Electrical_damage_generated\Electrical (43)_aug_4.jpg
Imgdirty_667_1.jpg,Dusty,Dusty,True,0.6108,C:\Users\BALU\OneDrive\Desktop\solar_panel\dataset\PRoject\Dusty\Imgdirty_667_1.jpg
Imgclean_1354_0.jpg,Clean,Clean,True,0.9405,C:\Users\BALU\OneDrive\Desktop\solar_panel\dataset\PRoject\Clean\Imgclean_1354_0.jpg
solar-panels-visible-hail-damage-260nw-2495884713_aug_2.jpg,Physcial_damage_generated,Physcial_damage_generated,True,0.9334,C:\Users\BALU\OneDrive\Desktop\solar_panel\dataset\PRoject\Physcial_damage_generated\solar-panels-visible-hail-damage-260nw-2495884713_aug_2.jpg
Imgdirty_997_1.jpg,Dusty,Clean,False,0.8055,C:\Users\BALU\OneDrive\Desktop\solar_panel\dataset\PRoject\Dusty\Imgdirty_997_1.jpg
snowcovered-solar-panels-on-rooftop-260nw-2586920745_aug_0.jpg,Snow_covered_generated,Snow_covered_generated,True,0.775,C:\Users\BALU\OneDrive\Desktop\solar_panel\dataset\PRoject\Snow_covered_generated\snowcovered-solar-panels-on-rooftop-260nw-2586920745_aug_0.jpg
Electrical (78)_aug_1 - Copy.jpg,Electrical_damage_generated,Electrical_damage_generated,True,0.999,C:\Users\BALU\OneDrive\Desktop\solar_panel\dataset\PRoject\Electrical_damage_generated\Electrical (78)_aug_1 - Copy.jpg
Imgdirty_77_1.jpg,Dusty,Bird_drop_generateds,False,0.7698,C:\Users\BALU\OneDrive\Desktop\solar_panel\dataset\PRoject\Dusty\Imgdirty_77_1.jpg
Imgclean_1000_0.jpg,Clean,Clean,True,0.9356,C:\Users\BALU\OneDrive\Desktop\solar_panel\dataset\PRoject\Clean\Imgclean_1000_0.jpg
Imgclean_518_0.jpg,Clean,Clean,True,0.9008,C:\Users\BALU\OneDrive\Desktop\solar_panel\dataset\PRoject\Clean\Imgclean_518_0.jpg
Imgdirty_781_1.jpg,Dusty,Clean,False,0.7878,C:\Users\BALU\OneDrive\Desktop\solar_panel\dataset\PRoject\Dusty\Imgdirty_781_1.jpg
Electrical (1)_aug_3 - Copy.jpg,Electrical_damage_generated,Electrical_damage_generated,True,0.9999,C:\Users\BALU\OneDrive\Desktop\solar_panel\dataset\PRoject\Electrical_damage_generated\Electrical (1)_aug_3 - Copy.jpg
dirty-rooftop-solar-panels-covered-260nw-2503552033_aug_0.jpg,Bird_drop_generateds,Bird_drop_generateds,True,0.5844,C:\Users\BALU\OneDrive\Desktop\solar_panel\dataset\PRoject\Bird_drop_generateds\dirty-rooftop-solar-panels-covered-260nw-2503552033_aug_0.jpg
Bird (167)_aug_3.jpg,Bird_drop_generateds,Bird_drop_generateds,True,0.9383,C:\Users\BALU\OneDrive\Desktop\solar_panel\dataset\PRoject\Bird_drop_generateds\Bird (167)_aug_3.jpg
Bird (3)_aug_3.jpg,Bird_drop_generateds,Dusty,False,0.4647,C:\Users\BALU\OneDrive\Desktop\solar_panel\dataset\PRoject\Bird_drop_generateds\Bird (3)_aug_3.jpg
Bird (3)_aug_1.jpg,Bird_drop_generateds,Dusty,False,0.6865,C:\Users\BALU\OneDrive\Desktop\solar_panel\dataset\PRoject\Bird_drop_generateds\Bird (3)_aug_1.jpg
Snow (87)_aug_2.jpg,Snow_covered_generated,Snow_covered_generated,True,0.9885,C:\Users\BALU\OneDrive\Desktop\solar_panel\dataset\PRoject\Snow_covered_generated\Snow (87)_aug_2.jpg
Imgclean_872_0.jpg,Clean,Clean,True,0.7825,C:\Users\BALU\OneDrive\Desktop\solar_panel\dataset\PRoject\Clean\Imgclean_872_0.jpg
consequences-natural-disaster-damaged-by-260nw-2355455047_aug_1.jpg,Physcial_damage_generated,Physcial_damage_generated,True,0.9624,C:\Users\BALU\OneDrive\Desktop\solar_panel\dataset\PRoject\Physcial_damage_generated\consequences-natural-disaster-damaged-by-260nw-2355455047_aug_1.jpg
Electrical (99)_aug_2.jpg,Electrical_damage_generated,Electrical_damage_generated,True,0.957,C:\Users\BALU\OneDrive\Desktop\solar_panel\dataset\PRoject\Electrical_damage_generated\Electrical (99)_aug_2.jpg
broken-destroyed-solar-panel-outside-260nw-1573025164_aug_9.jpg,Physcial_damage_generated,Physcial_damage_generated,True,1.0,C:\Users\BALU\OneDrive\Desktop\solar_panel\dataset\PRoject\Physcial_damage_generated\broken-destroyed-solar-panel-outside-260nw-1573025164_aug_9.jpg
Imgclean_220_0.jpg,Clean,Clean,True,0.988,C:\Users\BALU\OneDrive\Desktop\solar_panel\dataset\PRoject\Clean\Imgclean_220_0.jpg
Bird (85)_aug_4.jpg,Bird_drop_generateds,Bird_drop_generateds,True,0.9526,C:\Users\BALU\OneDrive\Desktop\solar_panel\dataset\PRoject\Bird_drop_generateds\Bird (85)_aug_4.jpg
solar-panels-producing-clean-energy-260nw-2545565691_aug_4.jpg,Snow_covered_generated,Snow_covered_generated,True,0.9984,C:\Users\BALU\OneDrive\Desktop\solar_panel\dataset\PRoject\Snow_covered_generated\solar-panels-producing-clean-energy-260nw-2545565691_aug_4.jpg
Imgdirty_57_1.jpg,Dusty,Clean,False,0.8396,C:\Users\BALU\OneDrive\Desktop\solar_panel\dataset\PRoject\Dusty\Imgdirty_57_1.jpg
broken-glass-solar-cell-damage-260nw-1572765697_aug_0.jpg,Physcial_damage_generated,Physcial_damage_generated,True,0.9998,C:\Users\BALU\OneDrive\Desktop\solar_panel\dataset\PRoject\Physcial_damage_generated\broken-glass-solar-cell-damage-260nw-1572765697_aug_0.jpg
Imgdirty_421_1.jpg,Dusty,Dusty,True,0.989,C:\Users\BALU\OneDrive\Desktop\solar_panel\dataset\PRoject\Dusty\Imgdirty_421_1.jpg
Bird (175)_aug_3.jpg,Bird_drop_generateds,Bird_drop_generateds,True,0.9273,C:\Users\BALU\OneDrive\Desktop\solar_panel\dataset\PRoject\Bird_drop_generateds\Bird (175)_aug_3.jpg
Imgclean_119_0.jpg,Clean,Clean,True,0.7937,C:\Users\BALU\OneDrive\Desktop\solar_panel\dataset\PRoject\Clean\Imgclean_119_0.jpg
Snow (32)_aug_2.jpg,Snow_covered_generated,Snow_covered_generated,True,0.9911,C:\Users\BALU\OneDrive\Desktop\solar_panel\dataset\PRoject\Snow_covered_generated\Snow (32)_aug_2.jpg
Imgclean_1184_0.jpg,Clean,Clean,True,0.9964,C:\Users\BALU\OneDrive\Desktop\solar_panel\dataset\PRoject\Clean\Imgclean_1184_0.jpg
Imgdirty_893_1.jpg,Dusty,Bird_drop_generateds,False,0.9334,C:\Users\BALU\OneDrive\Desktop\solar_panel\dataset\PRoject\Dusty\Imgdirty_893_1.jpg
Imgclean_206_0.jpg,Clean,Clean,True,0.9834,C:\Users\BALU\OneDrive\Desktop\solar_panel\dataset\PRoject\Clean\Imgclean_206_0.jpg
Imgclean_848_0.jpg,Clean,Clean,True,0.8806,C:\Users\BALU\OneDrive\Desktop\solar_panel\dataset\PRoject\Clean\Imgclean_848_0.jpg
solar-panels-broken-by-lightning-260nw-1088980745_aug_6.jpg,Physcial_damage_generated,Physcial_damage_generated,True,0.9998,C:\Users\BALU\OneDrive\Desktop\solar_panel\dataset\PRoject\Physcial_damage_generated\solar-panels-broken-by-lightning-260nw-1088980745_aug_6.jpg
Imgclean_853_0.jpg,Clean,Clean,True,0.9875,C:\Users\BALU\OneDrive\Desktop\solar_panel\dataset\PRoject\Clean\Imgclean_853_0.jpg
Physical (36)_aug_5.jpg,Physcial_damage_generated,Physcial_damage_generated,True,0.9998,C:\Users\BALU\OneDrive\Desktop\solar_panel\dataset\PRoject\Physcial_damage_generated\Physical (36)_aug_5.jpg
dirty-rooftop-solar-panels-covered-260nw-2503997003 (1)_aug_1.jpg,Bird_drop_generateds,Bird_drop_generateds,True,0.9489,C:\Users\BALU\OneDrive\Desktop\solar_panel\dataset\PRoject\Bird_drop_generateds\dirty-rooftop-solar-panels-covered-260nw-2503997003 (1)_aug_1.jpg
Electrical (82)_aug_2.jpg,Electrical_damage_generated,Electrical_damage_generated,True,0.9997,C:\Users\BALU\OneDrive\Desktop\solar_panel\dataset\PRoject\Electrical_damage_generated\Electrical (82)_aug_2.jpg
Electrical (70)_aug_1.jpg,Electrical_damage_generated,Electrical_damage_generated,True,0.9897,C:\Users\BALU\OneDrive\Desktop\solar_panel\dataset\PRoject\Electrical_damage_generated\Electrical (70)_aug_1.jpg
Snow (4)_aug_0.jpg,Snow_covered_generated,Snow_covered_generated,True,0.9996,C:\Users\BALU\OneDrive\Desktop\solar_panel\dataset\PRoject\Snow_covered_generated\Snow (4)_aug_0.jpg
detailed-closeup-image-solar-panels-260nw-2569638201 (1)_aug_4.jpg,Bird_drop_generateds,Bird_drop_generateds,True,0.941,C:\Users\BALU\OneDrive\Desktop\solar_panel\dataset\PRoject\Bird_drop_generateds\detailed-closeup-image-solar-panels-260nw-2569638201 (1)_aug_4.jpg
Imgclean_32_0.jpg,Clean,Clean,True,0.9979,C:\Users\BALU\OneDrive\Desktop\solar_panel\dataset\PRoject\Clean\Imgclean_32_0.jpg
Imgdirty_337_1.jpg,Dusty,Dusty,True,0.6377,C:\Users\BALU\OneDrive\Desktop\solar_panel\dataset\PRoject\Dusty\Imgdirty_337_1.jpg
Imgclean_135_0.jpg,Clean,Clean,True,0.9031,C:\Users\BALU\OneDrive\Desktop\solar_panel\dataset\PRoject\Clean\Imgclean_135_0.jpg
Imgdirty_126_1.jpg,Dusty,Clean,False,0.8535,C:\Users\BALU\OneDrive\Desktop\solar_panel\dataset\PRoject\Dusty\Imgdirty_126_1.jpg
aerial-view-damaged-by-hurricane-260nw-2273935607 (1)_aug_0.jpg,Physcial_damage_generated,Physcial_damage_generated,True,0.9516,C:\Users\BALU\OneDrive\Desktop\solar_panel\dataset\PRoject\Physcial_damage_generated\aerial-view-damaged-by-hurricane-260nw-2273935607 (1)_aug_0.jpg
Bird (78)_aug_3.jpg,Bird_drop_generateds,Bird_drop_generateds,True,0.9053,C:\Users\BALU\OneDrive\Desktop\solar_panel\dataset\PRoject\Bird_drop_generateds\Bird (78)_aug_3.jpg
Bird (67)_aug_4.jpg,Bird_drop_generateds,Bird_drop_generateds,True,0.9931,C:\Users\BALU\OneDrive\Desktop\solar_panel\dataset\PRoject\Bird_drop_generateds\Bird (67)_aug_4.jpg
Imgclean_820_0.jpg,Clean,Clean,True,0.9674,C:\Users\BALU\OneDrive\Desktop\solar_panel\dataset\PRoject\Clean\Imgclean_820_0.jpg
Bird (70)_aug_0.jpg,Bird_drop_generateds,Bird_drop_generateds,True,0.9753,C:\Users\BALU\OneDrive\Desktop\solar_panel\dataset\PRoject\Bird_drop_generateds\Bird (70)_aug_0.jpg
12_aug_4.jpg,Bird_drop_generateds,Bird_drop_generateds,True,0.9859,C:\Users\BALU\OneDrive\Desktop\solar_panel\dataset\PRoject\Bird_drop_generateds\12_aug_4.jpg
Clean (164).jpg,Clean,Clean,True,0.9469,C:\Users\BALU\OneDrive\Desktop\solar_panel\dataset\PRoject\Clean\Clean (164).jpg
Snow (121)_aug_2.jpg,Snow_covered_generated,Snow_covered_generated,True,0.7301,C:\Users\BALU\OneDrive\Desktop\solar_panel\dataset\PRoject\Snow_covered_generated\Snow (121)_aug_2.jpg
residential-building-roof-solar-photovoltaic-260nw-2231305609_aug_0.jpg,Snow_covered_generated,Snow_covered_generated,True,0.7358,C:\Users\BALU\OneDrive\Desktop\solar_panel\dataset\PRoject\Snow_covered_generated\residential-building-roof-solar-photovoltaic-260nw-2231305609_aug_0.jpg
snowcovered-solar-panels-on-rooftop-260nw-2586920775_aug_3.jpg,Snow_covered_generated,Snow_covered_generated,True,0.9979,C:\Users\BALU\OneDrive\Desktop\solar_panel\dataset\PRoject\Snow_covered_generated\snowcovered-solar-panels-on-rooftop-260nw-2586920775_aug_3.jpg
Imgdirty_624_1.jpg,Dusty,Dusty,True,0.8359,C:\Users\BALU\OneDrive\Desktop\solar_panel\dataset\PRoject\Dusty\Imgdirty_624_1.jpg
dirty-rooftop-solar-panels-covered-260nw-2497398187_aug_1.jpg,Bird_drop_generateds,Bird_drop_generateds,True,0.9995,C:\Users\BALU\OneDrive\Desktop\solar_panel\dataset\PRoject\Bird_drop_generateds\dirty-rooftop-solar-panels-covered-260nw-2497398187_aug_1.jpg
Electrical (2)_aug_2.jpg,Electrical_damage_generated,Electrical_damage_generated,True,1.0,C:\Users\BALU\OneDrive\Desktop\solar_panel\dataset\PRoject\Electrical_damage_generated\Electrical (2)_aug_2.jpg
Physical (54)_aug_2.jpg,Physcial_damage_generated,Physcial_damage_generated,True,0.9094,C:\Users\BALU\OneDrive\Desktop\solar_panel\dataset\PRoject\Physcial_damage_generated\Physical (54)_aug_2.jpg
Imgclean_1360_0.jpg,Clean,Clean,True,0.9201,C:\Users\BALU\OneDrive\Desktop\solar_panel\dataset\PRoject\Clean\Imgclean_1360_0.jpg
Electrical (21)_aug_4 - Copy.jpg,Electrical_damage_generated,Electrical_damage_generated,True,0.9996,C:\Users\BALU\OneDrive\Desktop\solar_panel\dataset\PRoject\Electrical_damage_generated\Electrical (21)_aug_4 - Copy.jpg
Imgdirty_505_1.jpg,Dusty,Dusty,True,0.729,C:\Users\BALU\OneDrive\Desktop\solar_panel\dataset\PRoject\Dusty\Imgdirty_505_1.jpg
10_aug_1.jpg,Bird_drop_generateds,Bird_drop_generateds,True,0.9449,C:\Users\BALU\OneDrive\Desktop\solar_panel\dataset\PRoject\Bird_drop_generateds\10_aug_1.jpg
Imgclean_182_0.jpg,Clean,Clean,True,0.9258,C:\Users\BALU\OneDrive\Desktop\solar_panel\dataset\PRoject\Clean\Imgclean_182_0.jpg
Imgclean_157_0.jpg,Clean,Clean,True,0.9597,C:\Users\BALU\OneDrive\Desktop\solar_panel\dataset\PRoject\Clean\Imgclean_157_0.jpg
Snow (75)_aug_4.jpg,Snow_covered_generated,Snow_covered_generated,True,0.9836,C:\Users\BALU\OneDrive\Desktop\solar_panel\dataset\PRoject\Snow_covered_generated\Snow (75)_aug_4.jpg
Electrical (54)_aug_4 - Copy.jpg,Electrical_damage_generated,Electrical_damage_generated,True,0.9816,C:\Users\BALU\OneDrive\Desktop\solar_panel\dataset\PRoject\Electrical_damage_generated\Electrical (54)_aug_4 - Copy.jpg
Imgclean_932_0.jpg,Clean,Clean,True,0.9537,C:\Users\BALU\OneDrive\Desktop\solar_panel\dataset\PRoject\Clean\Imgclean_932_0.jpg
Snow (111)_aug_0.jpg,Snow_covered_generated,Snow_covered_generated,True,0.7107,C:\Users\BALU\OneDrive\Desktop\solar_panel\dataset\PRoject\Snow_covered_generated\Snow (111)_aug_0.jpg
Imgclean_806_0.jpg,Clean,Clean,True,0.9884,C:\Users\BALU\OneDrive\Desktop\solar_panel\dataset\PRoject\Clean\Imgclean_806_0.jpg
Imgclean_889_0.jpg,Clean,Clean,True,0.8337,C:\Users\BALU\OneDrive\Desktop\solar_panel\dataset\PRoject\Clean\Imgclean_889_0.jpg
14_aug_0.jpg,Bird_drop_generateds,Bird_drop_generateds,True,0.9811,C:\Users\BALU\OneDrive\Desktop\solar_panel\dataset\PRoject\Bird_drop_generateds\14_aug_0.jpg
Imgdirty_864_1.jpg,Dusty,Dusty,True,0.4998,C:\Users\BALU\OneDrive\Desktop\solar_panel\dataset\PRoject\Dusty\Imgdirty_864_1.jpg
Electrical (81)_aug_1.jpg,Electrical_damage_generated,Electrical_damage_generated,True,0.9981,C:\Users\BALU\OneDrive\Desktop\solar_panel\dataset\PRoject\Electrical_damage_generated\Electrical (81)_aug_1.jpg
Electrical (41)_aug_1.jpg,Electrical_damage_generated,Electrical_damage_generated,True,1.0,C:\Users\BALU\OneDrive\Desktop\solar_panel\dataset\PRoject\Electrical_damage_generated\Electrical (41)_aug_1.jpg
Electrical (85)_aug_1.jpg,Electrical_damage_generated,Electrical_damage_generated,True,0.9986,C:\Users\BALU\OneDrive\Desktop\solar_panel\dataset\PRoject\Electrical_damage_generated\Electrical (85)_aug_1.jpg
Imgdirty_665_1.jpg,Dusty,Clean,False,0.7833,C:\Users\BALU\OneDrive\Desktop\solar_panel\dataset\PRoject\Dusty\Imgdirty_665_1.jpg
Electrical (48)_aug_2 - Copy.jpg,Electrical_damage_generated,Electrical_damage_generated,True,1.0,C:\Users\BALU\OneDrive\Desktop\solar_panel\dataset\PRoject\Electrical_damage_generated\Electrical (48)_aug_2 - Copy.jpg
Electrical (13)_aug_1.jpg,Electrical_damage_generated,Electrical_damage_generated,True,0.9999,C:\Users\BALU\OneDrive\Desktop\solar_panel\dataset\PRoject\Electrical_damage_generated\Electrical (13)_aug_1.jpg
Imgclean_91_0.jpg,Clean,Clean,True,0.9669,C:\Users\BALU\OneDrive\Desktop\solar_panel\dataset\PRoject\Clean\Imgclean_91_0.jpg
broken-destroyed-solar-panel-cell-260nw-2332211579_aug_3.jpg,Physcial_damage_generated,Physcial_damage_generated,True,0.9563,C:\Users\BALU\OneDrive\Desktop\solar_panel\dataset\PRoject\Physcial_damage_generated\broken-destroyed-solar-panel-cell-260nw-2332211579_aug_3.jpg
Electrical (61)_aug_0.jpg,Electrical_damage_generated,Electrical_damage_generated,True,0.9992,C:\Users\BALU\OneDrive\Desktop\solar_panel\dataset\PRoject\Electrical_damage_generated\Electrical (61)_aug_0.jpg
Bird (193)_aug_3.jpg,Bird_drop_generateds,Bird_drop_generateds,True,0.9295,C:\Users\BALU\OneDrive\Desktop\solar_panel\dataset\PRoject\Bird_drop_generateds\Bird (193)_aug_3.jpg
solar-panels-on-roof-covered-260nw-2253454839_aug_1.jpg,Snow_covered_generated,Snow_covered_generated,True,0.9993,C:\Users\BALU\OneDrive\Desktop\solar_panel\dataset\PRoject\Snow_covered_generated\solar-panels-on-roof-covered-260nw-2253454839_aug_1.jpg
Electrical (64)_aug_2.jpg,Electrical_damage_generated,Electrical_damage_generated,True,0.9995,C:\Users\BALU\OneDrive\Desktop\solar_panel\dataset\PRoject\Electrical_damage_generated\Electrical (64)_aug_2.jpg
Bird (164)_aug_3.jpg,Bird_drop_generateds,Bird_drop_generateds,True,0.9366,C:\Users\BALU\OneDrive\Desktop\solar_panel\dataset\PRoject\Bird_drop_generateds\Bird (164)_aug_3.jpg
Snow (84)_aug_1.jpg,Snow_covered_generated,Snow_covered_generated,True,0.9684,C:\Users\BALU\OneDrive\Desktop\solar_panel\dataset\PRoject\Snow_covered_generated\Snow (84)_aug_1.jpg
Imgdirty_995_1.jpg,Dusty,Dusty,True,0.9963,C:\Users\BALU\OneDrive\Desktop\solar_panel\dataset\PRoject\Dusty\Imgdirty_995_1.jpg
Imgdirty_988_1.jpg,Dusty,Dusty,True,0.6382,C:\Users\BALU\OneDrive\Desktop\solar_panel\dataset\PRoject\Dusty\Imgdirty_988_1.jpg
Imgdirty_36_1.jpg,Dusty,Dusty,True,0.9837,C:\Users\BALU\OneDrive\Desktop\solar_panel\dataset\PRoject\Dusty\Imgdirty_36_1.jpg
Electrical (55)_aug_2 - Copy.jpg,Electrical_damage_generated,Electrical_damage_generated,True,0.9787,C:\Users\BALU\OneDrive\Desktop\solar_panel\dataset\PRoject\Electrical_damage_generated\Electrical (55)_aug_2 - Copy.jpg
Snow (73)_aug_1.jpg,Snow_covered_generated,Snow_covered_generated,True,0.9924,C:\Users\BALU\OneDrive\Desktop\solar_panel\dataset\PRoject\Snow_covered_generated\Snow (73)_aug_1.jpg
Imgdirty_1009_1.jpg,Dusty,Bird_drop_generateds,False,0.6743,C:\Users\BALU\OneDrive\Desktop\solar_panel\dataset\PRoject\Dusty\Imgdirty_1009_1.jpg
Electrical (95)_aug_1 - Copy.jpg,Electrical_damage_generated,Electrical_damage_generated,True,0.8234,C:\Users\BALU\OneDrive\Desktop\solar_panel\dataset\PRoject\Electrical_damage_generated\Electrical (95)_aug_1 - Copy.jpg
Dust (20).jpg,Dusty,Bird_drop_generateds,False,0.5004,C:\Users\BALU\OneDrive\Desktop\solar_panel\dataset\PRoject\Dusty\Dust (20).jpg
solar-panels-broken-by-falling-260nw-663429238_aug_4.jpg,Physcial_damage_generated,Physcial_damage_generated,True,0.9991,C:\Users\BALU\OneDrive\Desktop\solar_panel\dataset\PRoject\Physcial_damage_generated\solar-panels-broken-by-falling-260nw-663429238_aug_4.jpg
Snow (2)_aug_3.jpg,Snow_covered_generated,Snow_covered_generated,True,0.9124,C:\Users\BALU\OneDrive\Desktop\solar_panel\dataset\PRoject\Snow_covered_generated\Snow (2)_aug_3.jpg
Imgclean_1029_0.jpg,Clean,Clean,True,0.8683,C:\Users\BALU\OneDrive\Desktop\solar_panel\dataset\PRoject\Clean\Imgclean_1029_0.jpg
Bird (164)_aug_2.jpg,Bird_drop_generateds,Bird_drop_generateds,True,0.9907,C:\Users\BALU\OneDrive\Desktop\solar_panel\dataset\PRoject\Bird_drop_generateds\Bird (164)_aug_2.jpg
Imgclean_1206_0.jpg,Clean,Clean,True,0.9987,C:\Users\BALU\OneDrive\Desktop\solar_panel\dataset\PRoject\Clean\Imgclean_1206_0.jpg
detailed-closeup-image-solar-panels-260nw-2569638201 (1)_aug_1.jpg,Bird_drop_generateds,Bird_drop_generateds,True,0.9881,C:\Users\BALU\OneDrive\Desktop\solar_panel\dataset\PRoject\Bird_drop_generateds\detailed-closeup-image-solar-panels-260nw-2569638201 (1)_aug_1.jpg
rooftop-installation-vertical-solar-panels-260nw-2464480507_aug_3.jpg,Snow_covered_generated,Snow_covered_generated,True,0.8409,C:\Users\BALU\OneDrive\Desktop\solar_panel\dataset\PRoject\Snow_covered_generated\rooftop-installation-vertical-solar-panels-260nw-2464480507_aug_3.jpg
11_aug_3.jpg,Bird_drop_generateds,Bird_drop_generateds,True,0.9495,C:\Users\BALU\OneDrive\Desktop\solar_panel\dataset\PRoject\Bird_drop_generateds\11_aug_3.jpg
Imgclean_912_0.jpg,Clean,Clean,True,0.9125,C:\Users\BALU\OneDrive\Desktop\solar_panel\dataset\PRoject\Clean\Imgclean_912_0.jpg
Electrical (94)_aug_0.jpg,Electrical_damage_generated,Electrical_damage_generated,True,0.9685,C:\Users\BALU\OneDrive\Desktop\solar_panel\dataset\PRoject\Electrical_damage_generated\Electrical (94)_aug_0.jpg
Imgclean_1470_0.jpg,Clean,Clean,True,0.7695,C:\Users\BALU\OneDrive\Desktop\solar_panel\dataset\PRoject\Clean\Imgclean_1470_0.jpg
Bird (49)_aug_1.jpg,Bird_drop_generateds,Bird_drop_generateds,True,0.998,C:\Users\BALU\OneDrive\Desktop\solar_panel\dataset\PRoject\Bird_drop_generateds\Bird (49)_aug_1.jpg
Imgclean_429_0.jpg,Clean,Clean,True,0.9714,C:\Users\BALU\OneDrive\Desktop\solar_panel\dataset\PRoject\Clean\Imgclean_429_0.jpg
Physical (35)_aug_0.jpg,Physcial_damage_generated,Physcial_damage_generated,True,0.9935,C:\Users\BALU\OneDrive\Desktop\solar_panel\dataset\PRoject\Physcial_damage_generated\Physical (35)_aug_0.jpg
Imgdirty_26_1.jpg,Dusty,Dusty,True,0.9987,C:\Users\BALU\OneDrive\Desktop\solar_panel\dataset\PRoject\Dusty\Imgdirty_26_1.jpg
Imgclean_9_0.jpg,Clean,Clean,True,0.9124,C:\Users\BALU\OneDrive\Desktop\solar_panel\dataset\PRoject\Clean\Imgclean_9_0.jpg
Snow (80)_aug_4.jpg,Snow_covered_generated,Snow_covered_generated,True,0.9988,C:\Users\BALU\OneDrive\Desktop\solar_panel\dataset\PRoject\Snow_covered_generated\Snow (80)_aug_4.jpg
Imgclean_753_0.jpg,Clean,Dusty,False,0.4908,C:\Users\BALU\OneDrive\Desktop\solar_panel\dataset\PRoject\Clean\Imgclean_753_0.jpg
Imgclean_646_0.jpg,Clean,Clean,True,0.9428,C:\Users\BALU\OneDrive\Desktop\solar_panel\dataset\PRoject\Clean\Imgclean_646_0.jpg
dirty-rooftop-solar-panels-covered-260nw-2496296813_aug_0.jpg,Bird_drop_generateds,Bird_drop_generateds,True,0.9931,C:\Users\BALU\OneDrive\Desktop\solar_panel\dataset\PRoject\Bird_drop_generateds\dirty-rooftop-solar-panels-covered-260nw-2496296813_aug_0.jpg
engineer-hand-inspecting-damaging-power-260nw-1331256458_aug_9.jpg,Physcial_damage_generated,Physcial_damage_generated,True,0.9974,C:\Users\BALU\OneDrive\Desktop\solar_panel\dataset\PRoject\Physcial_damage_generated\engineer-hand-inspecting-damaging-power-260nw-1331256458_aug_9.jpg
Physical (43)_aug_3.jpg,Physcial_damage_generated,Physcial_damage_generated,True,0.9992,C:\Users\BALU\OneDrive\Desktop\solar_panel\dataset\PRoject\Physcial_damage_generated\Physical (43)_aug_3.jpg
Electrical (20)_aug_1.jpg,Electrical_damage_generated,Electrical_damage_generated,True,0.9999,C:\Users\BALU\OneDrive\Desktop\solar_panel\dataset\PRoject\Electrical_damage_generated\Electrical (20)_aug_1.jpg
Electrical (27)_aug_4 - Copy.jpg,Electrical_damage_generated,Electrical_damage_generated,True,0.9996,C:\Users\BALU\OneDrive\Desktop\solar_panel\dataset\PRoject\Electrical_damage_generated\Electrical (27)_aug_4 - Copy.jpg
Electrical (47)_aug_0.jpg,Electrical_damage_generated,Electrical_damage_generated,True,0.9958,C:\Users\BALU\OneDrive\Desktop\solar_panel\dataset\PRoject\Electrical_damage_generated\Electrical (47)_aug_0.jpg
Physical (62)_aug_1.jpg,Physcial_damage_generated,Physcial_damage_generated,True,0.9996,C:\Users\BALU\OneDrive\Desktop\solar_panel\dataset\PRoject\Physcial_damage_generated\Physical (62)_aug_1.jpg
Snow (41)_aug_2.jpg,Snow_covered_generated,Snow_covered_generated,True,0.9975,C:\Users\BALU\OneDrive\Desktop\solar_panel\dataset\PRoject\Snow_covered_generated\Snow (41)_aug_2.jpg
solar-panels-on-roof-covered-260nw-2253454839_aug_3.jpg,Snow_covered_generated,Snow_covered_generated,True,0.9955,C:\Users\BALU\OneDrive\Desktop\solar_panel\dataset\PRoject\Snow_covered_generated\solar-panels-on-roof-covered-260nw-2253454839_aug_3.jpg
close-photo-damaged-solar-panel-260nw-2425903383_aug_6.jpg,Physcial_damage_generated,Physcial_damage_generated,True,0.9999,C:\Users\BALU\OneDrive\Desktop\solar_panel\dataset\PRoject\Physcial_damage_generated\close-photo-damaged-solar-panel-260nw-2425903383_aug_6.jpg
Imgclean_527_0.jpg,Clean,Clean,True,0.9915,C:\Users\BALU\OneDrive\Desktop\solar_panel\dataset\PRoject\Clean\Imgclean_527_0.jpg
Bird (51)_aug_4.jpg,Bird_drop_generateds,Bird_drop_generateds,True,0.5881,C:\Users\BALU\OneDrive\Desktop\solar_panel\dataset\PRoject\Bird_drop_generateds\Bird (51)_aug_4.jpg
dirty-rooftop-solar-panels-covered-260nw-2497687685_aug_4.jpg,Bird_drop_generateds,Bird_drop_generateds,True,0.8497,C:\Users\BALU\OneDrive\Desktop\solar_panel\dataset\PRoject\Bird_drop_generateds\dirty-rooftop-solar-panels-covered-260nw-2497687685_aug_4.jpg
Electrical (74)_aug_4 - Copy.jpg,Electrical_damage_generated,Electrical_damage_generated,True,1.0,C:\Users\BALU\OneDrive\Desktop\solar_panel\dataset\PRoject\Electrical_damage_generated\Electrical (74)_aug_4 - Copy.jpg
Imgclean_98_0.jpg,Clean,Clean,True,0.9725,C:\Users\BALU\OneDrive\Desktop\solar_panel\dataset\PRoject\Clean\Imgclean_98_0.jpg
Imgclean_548_0.jpg,Clean,Clean,True,0.9989,C:\Users\BALU\OneDrive\Desktop\solar_panel\dataset\PRoject\Clean\Imgclean_548_0.jpg
solar-panels-broken-by-lightning-260nw-1088980745_aug_4.jpg,Physcial_damage_generated,Physcial_damage_generated,True,0.9997,C:\Users\BALU\OneDrive\Desktop\solar_panel\dataset\PRoject\Physcial_damage_generated\solar-panels-broken-by-lightning-260nw-1088980745_aug_4.jpg
Physical (68)_aug_1.jpg,Physcial_damage_generated,Physcial_damage_generated,True,0.9961,C:\Users\BALU\OneDrive\Desktop\solar_panel\dataset\PRoject\Physcial_damage_generated\Physical (68)_aug_1.jpg
Imgdirty_546_1.jpg,Dusty,Dusty,True,0.9747,C:\Users\BALU\OneDrive\Desktop\solar_panel\dataset\PRoject\Dusty\Imgdirty_546_1.jpg
Bird (134)_aug_4.jpg,Bird_drop_generateds,Bird_drop_generateds,True,0.9831,C:\Users\BALU\OneDrive\Desktop\solar_panel\dataset\PRoject\Bird_drop_generateds\Bird (134)_aug_4.jpg
aerial-close-up-broken-glass-260nw-2603741239 (1)_aug_3.jpg,Physcial_damage_generated,Physcial_damage_generated,True,0.9828,C:\Users\BALU\OneDrive\Desktop\solar_panel\dataset\PRoject\Physcial_damage_generated\aerial-close-up-broken-glass-260nw-2603741239 (1)_aug_3.jpg
Bird (120)_aug_1.jpg,Bird_drop_generateds,Bird_drop_generateds,True,0.9974,C:\Users\BALU\OneDrive\Desktop\solar_panel\dataset\PRoject\Bird_drop_generateds\Bird (120)_aug_1.jpg
Bird (23)_aug_2.jpg,Bird_drop_generateds,Bird_drop_generateds,True,0.9863,C:\Users\BALU\OneDrive\Desktop\solar_panel\dataset\PRoject\Bird_drop_generateds\Bird (23)_aug_2.jpg
Bird (29)_aug_1.jpg,Bird_drop_generateds,Dusty,False,0.711,C:\Users\BALU\OneDrive\Desktop\solar_panel\dataset\PRoject\Bird_drop_generateds\Bird (29)_aug_1.jpg
Imgdirty_999_1.jpg,Dusty,Clean,False,0.4598,C:\Users\BALU\OneDrive\Desktop\solar_panel\dataset\PRoject\Dusty\Imgdirty_999_1.jpg
Imgdirty_859_1.jpg,Dusty,Dusty,True,0.6558,C:\Users\BALU\OneDrive\Desktop\solar_panel\dataset\PRoject\Dusty\Imgdirty_859_1.jpg
Physical (52)_aug_7.jpg,Physcial_damage_generated,Physcial_damage_generated,True,0.9836,C:\Users\BALU\OneDrive\Desktop\solar_panel\dataset\PRoject\Physcial_damage_generated\Physical (52)_aug_7.jpg
Physical (42)_aug_0.jpg,Physcial_damage_generated,Physcial_damage_generated,True,0.9688,C:\Users\BALU\OneDrive\Desktop\solar_panel\dataset\PRoject\Physcial_damage_generated\Physical (42)_aug_0.jpg
